type,fixed.acidity,volatile.acidity,citric.acid,residual.sugar,chlorides,free.sulfur.dioxide,total.sulfur.dioxide,density,pH,sulphates,alcohol,quality
R,8.0,0.81,0.25,3.4,0.076,34.0,85.0,0.9966799999999999,3.19,0.42,9.2,5
R,7.3,0.59,0.26,2.0,0.08,17.0,104.0,0.99584,3.28,0.52,9.9,5
W,6.4,0.105,0.29,1.1,0.035,44.0,140.0,0.9914200000000001,3.17,0.55,10.7,7
W,5.8,0.2,0.16,1.4,0.042,44.0,99.0,0.9891200000000001,3.23,0.37,12.2,6
W,8.0,0.26,0.28,8.2,0.038,72.0,202.0,0.99566,3.12,0.56,10.0,6
R,8.4,0.62,0.12,1.8,0.07200000000000001,38.0,46.0,0.9950399999999999,3.38,0.89,11.8,6
W,6.7,0.35,0.32,9.0,0.032,29.0,113.0,0.9918799999999999,3.13,0.65,12.9,7
W,5.1,0.31,0.3,0.9,0.037000000000000005,28.0,152.0,0.992,3.54,0.56,10.1,6
W,8.1,0.22,0.43,1.5,0.044000000000000004,28.0,129.0,0.9938,3.22,0.45,11.0,6
W,8.7,0.3,0.34,4.8,0.018000000000000002,23.0,127.0,0.99474,3.12,0.49,11.2,6
W,6.7,0.25,0.23,7.2,0.038,61.0,220.0,0.9952,3.14,0.35,9.5,6
W,6.5,0.29,0.42,10.6,0.042,66.0,202.0,0.99674,3.24,0.53,9.5,6
W,6.8,0.15,0.3,5.3,0.05,40.0,127.0,0.9942,3.4,0.39,9.7,6
W,6.7,0.24,0.36,8.4,0.042,42.0,123.0,0.9947299999999999,3.34,0.52,10.9,6
W,6.3,0.22,0.22,5.6,0.039,31.0,128.0,0.9929600000000001,3.12,0.46,10.4,6
W,8.9,0.33,0.32,1.5,0.047,11.0,200.0,0.9954,3.19,0.46,9.4,5
W,7.5,0.26,0.38,5.7,0.021,23.0,125.0,0.9933799999999999,3.13,0.62,11.1,6
W,6.0,0.32,0.3,1.9,0.033,41.0,142.0,0.9891200000000001,3.29,0.42,12.8,7
R,8.4,0.665,0.61,2.0,0.11199999999999999,13.0,95.0,0.997,3.16,0.54,9.1,5
W,7.1,0.31,0.47,13.6,0.055999999999999994,54.0,197.0,0.9978,3.1,0.49,9.3,5
R,7.4,0.635,0.1,2.4,0.08,16.0,33.0,0.99736,3.58,0.69,10.8,6
W,6.7,0.18,0.28,10.2,0.039,29.0,115.0,0.99469,3.11,0.45,10.9,7
W,7.1,0.25,0.25,1.6,0.046,50.0,181.0,0.9925,3.2,0.42,11.0,6
W,5.5,0.28,0.21,1.6,0.032,23.0,85.0,0.9902700000000001,3.42,0.42,12.5,6
W,6.8,0.29,0.5,13.3,0.053,48.0,194.0,0.9974,3.09,0.45,9.4,5
W,5.9,0.19,0.26,7.4,0.034,33.0,123.0,0.995,3.49,0.42,10.1,6
R,5.9,0.44,0.0,1.6,0.042,3.0,11.0,0.9944,3.48,0.85,11.7,6
W,6.7,0.21,0.49,1.4,0.047,30.0,114.0,0.9914,2.92,0.42,10.8,6
W,7.5,0.38,0.29,12.7,0.05,25.0,209.0,0.9986,3.25,0.59,9.3,5
W,7.1,0.21,0.35,2.5,0.04,41.0,186.0,0.9912799999999999,3.32,0.56,12.5,6
W,6.1,0.105,0.31,1.3,0.037000000000000005,55.0,145.0,0.9912,3.41,0.41,11.1,7
W,5.8,0.32,0.38,4.75,0.033,23.0,94.0,0.991,3.42,0.42,11.8,7
W,7.0,0.34,0.3,1.8,0.045,44.0,142.0,0.9914,2.99,0.45,10.8,6
W,5.6,0.13,0.27,4.8,0.027999999999999997,22.0,104.0,0.9948,3.34,0.45,9.2,5
W,8.0,0.28,0.42,7.1,0.045,41.0,169.0,0.9959,3.17,0.43,10.6,5
W,6.4,0.28,0.41,6.8,0.045,61.0,216.0,0.9952,3.09,0.46,9.4,5
W,6.9,0.3,0.21,15.7,0.055999999999999994,49.0,159.0,0.9982700000000001,3.11,0.48,9.0,5
R,8.9,0.61,0.49,2.0,0.27,23.0,110.0,0.9972,3.12,1.02,9.3,5
W,7.1,0.18,0.32,12.2,0.048,36.0,125.0,0.9967,2.92,0.54,9.4,6
W,6.8,0.19,0.34,1.9,0.04,41.0,108.0,0.99,3.25,0.45,12.9,6
W,6.0,0.11,0.47,10.6,0.052000000000000005,69.0,148.0,0.9958,2.91,0.34,9.3,6
W,7.1,0.36,0.24,1.8,0.025,32.0,102.0,0.9903,3.34,0.59,12.8,7
W,6.5,0.36,0.32,1.1,0.031,13.0,66.0,0.9916,3.1,0.46,10.6,6
W,6.6,0.24,0.33,10.1,0.032,8.0,81.0,0.99626,3.19,0.51,9.8,6
W,6.5,0.35,0.28,12.4,0.051,86.0,213.0,0.9962,3.16,0.51,9.9,6
W,6.5,0.15,0.44,12.6,0.052000000000000005,65.0,158.0,0.9968799999999999,3.26,0.7,10.3,6
W,7.4,0.19,0.3,12.8,0.053,48.5,229.0,0.9986,3.14,0.49,9.1,7
W,6.9,0.26,0.38,10.5,0.044000000000000004,33.0,139.0,0.9951700000000001,3.06,0.5,10.3,6
W,7.1,0.14,0.35,1.4,0.039,24.0,128.0,0.9921200000000001,2.97,0.68,10.4,6
W,7.5,0.3,0.32,1.4,0.032,31.0,161.0,0.99154,2.95,0.42,10.5,6
R,10.3,0.41,0.42,2.4,0.213,6.0,14.0,0.9994,3.19,0.62,9.5,6
W,6.3,0.33,0.2,5.8,0.04,24.0,144.0,0.99425,3.15,0.63,9.9,5
R,10.8,0.89,0.3,2.6,0.132,7.0,60.0,0.9978600000000001,2.99,1.18,10.2,5
W,6.0,0.16,0.37,1.5,0.025,43.0,117.0,0.9928,3.46,0.51,9.7,6
W,6.7,0.35,0.32,9.0,0.032,29.0,113.0,0.9918799999999999,3.13,0.65,12.9,7
R,12.4,0.35,0.49,2.6,0.079,27.0,69.0,0.9994,3.12,0.75,10.4,6
W,5.9,0.37,0.1,1.6,0.057,39.0,128.0,0.9924,3.24,0.48,10.1,5
W,5.0,0.2,0.4,1.9,0.015,20.0,98.0,0.9897,3.37,0.55,12.05,6
W,6.5,0.38,0.34,3.4,0.036000000000000004,34.0,200.0,0.9937,3.14,0.76,10.0,6
R,7.6,0.715,0.0,2.1,0.068,30.0,35.0,0.9953299999999999,3.48,0.65,11.4,6
W,6.6,0.17,0.28,1.1,0.034,55.0,108.0,0.98939,3.0,0.52,11.9,6
W,7.4,0.16,0.3,13.7,0.055999999999999994,33.0,168.0,0.99825,2.9,0.44,8.7,7
R,6.8,0.49,0.22,2.3,0.071,13.0,24.0,0.9943799999999999,3.41,0.83,11.3,6
R,9.4,0.41,0.48,4.6,0.07200000000000001,10.0,20.0,0.9973,3.34,0.79,12.2,7
W,6.9,0.18,0.38,6.5,0.039,20.0,110.0,0.9943,3.1,0.42,10.5,6
W,7.0,0.15,0.28,14.7,0.051,29.0,149.0,0.99792,2.96,0.39,9.0,7
W,6.0,0.37,0.32,1.0,0.053,31.0,218.5,0.9924,3.29,0.72,9.8,5
W,5.0,0.255,0.22,2.7,0.043,46.0,153.0,0.9923799999999999,3.75,0.76,11.3,6
W,7.3,0.28,0.35,1.6,0.054000000000000006,31.0,148.0,0.9917799999999999,3.18,0.47,10.7,5
W,6.3,0.3,0.24,6.6,0.04,38.0,141.0,0.995,3.22,0.47,9.5,6
W,6.8,0.2,0.59,0.9,0.147,38.0,132.0,0.993,3.05,0.38,9.1,6
W,8.6,0.18,0.36,1.8,0.04,24.0,187.0,0.9956,3.25,0.55,9.5,6
W,5.7,0.22,0.25,1.1,0.05,97.0,175.0,0.9909899999999999,3.44,0.62,11.1,6
W,6.0,0.34,0.29,6.1,0.046,29.0,134.0,0.9946200000000001,3.48,0.57,10.7,6
W,6.6,0.26,0.38,6.5,0.17,68.0,201.0,0.9956,3.19,0.38,9.4,6
R,8.8,0.44,0.49,2.8,0.083,18.0,111.0,0.9982,3.3,0.6,9.5,5
W,7.0,0.12,0.32,7.2,0.057999999999999996,22.0,89.0,0.9966,3.29,0.38,9.2,6
W,7.1,0.46,0.23,13.7,0.045,44.0,192.0,0.9981,3.11,0.53,9.4,5
W,6.8,0.22,0.3,13.6,0.055,50.0,180.0,0.9984,3.44,0.39,9.8,6
R,9.1,0.765,0.04,1.6,0.078,4.0,14.0,0.998,3.29,0.54,9.7,5
W,7.2,0.2,0.61,16.2,0.043,14.0,103.0,0.9987,3.06,0.36,9.2,6
W,6.7,0.18,0.25,14.3,0.048,79.0,149.0,0.9975,3.12,0.37,9.7,6
W,6.4,0.22,0.31,13.9,0.04,57.0,135.0,0.99672,3.21,0.38,10.7,6
W,5.9,0.37,0.3,1.5,0.033,35.0,95.0,0.9898600000000001,3.36,0.56,12.0,7
W,7.3,0.26,0.36,5.2,0.04,31.0,141.0,0.9931,3.16,0.59,11.0,6
W,6.1,0.2,0.17,1.6,0.048,46.0,129.0,0.991,3.3,0.43,11.4,6
W,7.2,0.39,0.63,11.0,0.044000000000000004,55.0,156.0,0.9974,3.09,0.44,8.7,5
W,6.3,0.43,0.32,8.8,0.042,18.0,106.0,0.99172,3.28,0.33,12.9,6
R,6.6,0.44,0.15,2.1,0.076,22.0,53.0,0.9957,3.32,0.62,9.3,5
R,10.4,0.43,0.5,2.3,0.068,13.0,19.0,0.996,3.1,0.87,11.4,6
W,8.6,0.17,0.28,2.7,0.047,38.0,150.0,0.99365,3.1,0.56,10.8,6
W,7.6,0.67,0.14,1.5,0.07400000000000001,25.0,168.0,0.9937,3.05,0.51,9.3,5
W,5.8,0.22,0.29,1.3,0.036000000000000004,25.0,68.0,0.98865,3.24,0.35,12.6,6
W,6.9,0.41,0.22,4.2,0.031,10.0,102.0,0.993,3.0,0.86,11.6,6
W,5.3,0.6,0.34,1.4,0.031,3.0,60.0,0.98854,3.27,0.38,13.0,6
W,8.8,0.23,0.74,3.2,0.042,15.0,126.0,0.9934,3.02,0.51,11.2,6
W,8.3,0.14,0.36,8.8,0.026000000000000002,13.0,60.0,0.9956,3.13,0.35,11.05,6
R,9.6,0.77,0.12,2.9,0.08199999999999999,30.0,74.0,0.99865,3.3,0.64,10.4,6
W,6.6,0.27,0.41,1.3,0.052000000000000005,16.0,142.0,0.9951,3.42,0.47,10.0,6
W,7.8,0.27,0.58,11.2,0.036000000000000004,44.0,161.0,0.9977,3.06,0.41,8.9,6
W,7.5,0.2,0.49,1.3,0.031,8.0,97.0,0.9918,3.06,0.62,11.1,6
W,6.8,0.25,0.18,1.4,0.055999999999999994,13.0,137.0,0.9935,3.11,0.42,9.5,5
W,8.4,0.2,0.38,11.8,0.055,51.0,170.0,1.0004,3.34,0.82,8.9,6
W,8.0,0.32,0.26,1.2,0.05,11.5,88.0,0.9946,3.24,0.37,9.5,5
W,6.9,0.15,0.29,2.3,0.033,14.0,82.0,0.9913200000000001,3.1,0.58,11.2,6
W,7.6,0.345,0.26,1.9,0.043,15.0,134.0,0.9936,3.08,0.38,9.5,5
W,6.8,0.22,0.26,1.2,0.040999999999999995,29.0,182.0,0.9910399999999999,3.04,0.35,11.2,6
R,8.8,0.955,0.05,1.8,0.075,5.0,19.0,0.99616,3.3,0.44,9.6,5
W,6.4,0.32,0.23,16.2,0.055,36.0,176.0,0.9986,3.26,0.54,9.1,5
W,7.7,0.34,0.28,11.0,0.04,31.0,117.0,0.99815,3.27,0.29,9.2,6
W,6.1,0.21,0.19,1.4,0.046,51.0,131.0,0.9918399999999999,3.22,0.39,10.5,6
W,7.2,0.21,0.36,15.7,0.045,68.0,183.0,0.9992200000000001,3.25,0.76,9.4,5
W,6.5,0.23,0.36,16.3,0.038,43.0,133.0,0.99924,3.26,0.41,8.8,5
W,5.8,0.29,0.05,0.8,0.038,11.0,30.0,0.9924,3.36,0.35,9.2,5
R,8.7,0.78,0.51,1.7,0.415,12.0,66.0,0.99623,3.0,1.17,9.2,5
R,13.7,0.415,0.68,2.9,0.085,17.0,43.0,1.0014,3.06,0.8,10.0,6
W,6.6,0.23,0.3,14.9,0.051,33.0,118.0,0.99835,3.04,0.54,9.0,6
W,7.0,0.32,0.24,6.2,0.048,31.0,228.0,0.9957,3.23,0.62,9.4,6
W,7.0,0.17,0.37,5.7,0.025,29.0,111.0,0.9938,3.2,0.49,10.8,6
W,6.2,0.235,0.34,1.9,0.036000000000000004,4.0,117.0,0.9903200000000001,3.4,0.44,12.2,6
W,6.1,0.43,0.35,9.1,0.059000000000000004,83.0,249.0,0.9971,3.37,0.5,8.5,5
W,6.9,0.14,0.38,1.0,0.040999999999999995,22.0,81.0,0.9904299999999999,3.03,0.54,11.4,6
R,8.5,0.18,0.51,1.75,0.071,45.0,88.0,0.99524,3.33,0.76,11.8,6
W,9.8,0.44,0.4,2.8,0.036000000000000004,35.0,167.0,0.9956,2.97,0.39,9.2,6
W,5.9,0.22,0.38,1.3,0.046,24.0,90.0,0.9923200000000001,3.2,0.47,10.0,6
R,10.2,0.36,0.64,2.9,0.122,10.0,41.0,0.998,3.23,0.66,12.5,6
W,6.8,0.26,0.34,13.9,0.034,39.0,134.0,0.9949,3.33,0.53,12.0,7
W,5.6,0.23,0.25,8.0,0.043,31.0,101.0,0.99429,3.19,0.42,10.4,6
W,7.4,0.25,0.36,13.2,0.067,53.0,178.0,0.9976,3.01,0.48,9.0,6
W,7.1,0.2,0.41,2.1,0.054000000000000006,24.0,166.0,0.9948,3.48,0.62,10.5,6
W,6.9,0.24,0.37,6.1,0.027000000000000003,38.0,112.0,0.9908600000000001,3.19,0.34,12.4,6
W,6.9,0.24,0.33,12.5,0.046,47.0,153.0,0.9983,3.28,0.77,9.6,6
W,9.4,0.42,0.32,6.5,0.027000000000000003,20.0,167.0,0.99479,3.08,0.43,10.6,6
R,7.4,0.37,0.43,2.6,0.08199999999999999,18.0,82.0,0.99708,3.33,0.68,9.7,5
W,6.2,0.3,0.17,2.8,0.04,24.0,125.0,0.9939,3.01,0.46,9.0,5
W,7.2,0.23,0.38,6.1,0.067,20.0,90.0,0.9949600000000001,3.17,0.79,9.7,5
W,6.8,0.27,0.24,4.6,0.098,36.0,127.0,0.9941200000000001,3.15,0.49,9.6,5
R,7.6,0.685,0.23,2.3,0.111,20.0,84.0,0.9964,3.21,0.61,9.3,5
W,8.5,0.26,0.21,16.2,0.07400000000000001,41.0,197.0,0.998,3.02,0.5,9.8,6
W,6.8,0.34,0.36,8.9,0.028999999999999998,44.0,128.0,0.99318,3.28,0.35,11.95,6
W,6.1,0.32,0.24,1.5,0.036000000000000004,38.0,124.0,0.9898,3.29,0.42,12.4,7
R,7.6,0.79,0.21,2.3,0.087,21.0,68.0,0.9955,3.12,0.44,9.2,5
W,8.7,0.34,0.46,13.8,0.055,68.0,198.0,0.9988,3.36,0.37,9.5,5
W,6.1,0.28,0.25,6.9,0.055999999999999994,44.0,201.0,0.9955,3.19,0.4,9.1,5
W,7.2,0.35,0.34,12.4,0.051,6.0,37.0,0.9944,3.13,0.39,11.5,6
R,7.5,0.6,0.03,1.8,0.095,25.0,99.0,0.995,3.35,0.54,10.1,5
W,6.8,0.31,0.19,3.5,0.086,30.0,130.0,0.993,2.83,0.44,9.6,5
W,6.2,0.3,0.2,6.6,0.045,42.0,170.0,0.9944,3.36,0.45,10.4,6
W,6.0,0.34,0.29,6.1,0.046,29.0,134.0,0.9946200000000001,3.48,0.57,10.7,6
W,6.7,0.31,0.33,2.0,0.033,12.0,74.0,0.99064,3.29,0.65,12.5,6
W,6.6,0.25,0.51,8.0,0.047,61.0,189.0,0.9960399999999999,3.22,0.49,9.2,5
W,6.6,0.29,0.39,6.75,0.031,22.0,98.0,0.9913,3.15,0.8,12.9,7
R,7.4,0.965,0.0,2.2,0.08800000000000001,16.0,32.0,0.99756,3.58,0.67,10.2,5
W,6.4,0.27,0.32,4.5,0.24,61.0,174.0,0.9948,3.12,0.48,9.4,5
R,10.1,0.43,0.4,2.6,0.092,13.0,52.0,0.99834,3.22,0.64,10.0,6
R,6.2,0.64,0.09,2.5,0.081,15.0,26.0,0.9953799999999999,3.57,0.63,12.0,6
W,6.8,0.27,0.28,7.8,0.038,26.0,89.0,0.9915,3.24,0.34,12.5,6
W,7.0,0.12,0.29,10.3,0.039,41.0,98.0,0.99564,3.19,0.38,9.8,6
W,5.8,0.34,0.21,7.2,0.040999999999999995,48.0,146.0,0.99441,3.16,0.49,9.8,5
W,7.3,0.19,0.27,13.9,0.057,45.0,155.0,0.9980700000000001,2.94,0.41,8.8,8
W,7.6,0.31,0.29,10.5,0.04,21.0,145.0,0.9966,3.04,0.35,9.4,5
R,9.0,0.38,0.41,2.4,0.10300000000000001,6.0,10.0,0.9960399999999999,3.13,0.58,11.9,6
W,6.4,0.3,0.33,5.2,0.05,30.0,137.0,0.9930399999999999,3.26,0.58,11.1,6
W,6.3,0.27,0.25,5.8,0.038,52.0,155.0,0.995,3.28,0.38,9.4,6
W,6.8,0.22,0.3,10.6,0.07,67.0,194.0,0.99654,2.89,0.42,9.0,6
R,12.8,0.3,0.74,2.6,0.095,9.0,28.0,0.9994,3.2,0.77,10.8,7
W,5.9,0.13,0.28,1.9,0.05,20.0,78.0,0.9918,3.43,0.64,10.8,6
W,6.5,0.2,0.33,1.5,0.039,36.0,110.0,0.99008,3.22,0.65,12.0,6
W,6.4,0.28,0.29,1.6,0.052000000000000005,34.0,127.0,0.9929,3.48,0.56,10.5,6
W,6.5,0.2,0.35,3.9,0.04,27.0,140.0,0.9910200000000001,2.98,0.53,11.8,6
W,6.7,0.23,0.42,11.2,0.047,52.0,171.0,0.9975799999999999,3.54,0.74,10.4,6
R,7.2,0.415,0.36,2.0,0.081,13.0,45.0,0.9972,3.48,0.64,9.2,5
W,7.2,0.34,0.34,12.6,0.048,7.0,41.0,0.9942,3.19,0.4,11.7,6
R,8.2,0.2,0.43,2.5,0.076,31.0,51.0,0.99672,3.53,0.81,10.4,6
W,7.5,0.26,0.26,18.35,0.084,33.0,139.0,1.0011,3.17,0.39,8.8,5
R,7.6,0.43,0.29,2.1,0.075,19.0,66.0,0.99718,3.4,0.64,9.5,5
W,5.6,0.19,0.46,1.1,0.032,33.0,115.0,0.9909,3.36,0.5,10.4,6
W,5.1,0.33,0.27,6.7,0.022000000000000002,44.0,129.0,0.99221,3.36,0.39,11.0,6
W,7.1,0.26,0.32,5.9,0.037000000000000005,39.0,97.0,0.9934,3.31,0.4,11.6,6
W,7.7,0.29,0.48,2.3,0.049,36.0,178.0,0.9931,3.17,0.64,10.6,6
R,11.9,0.38,0.51,2.0,0.121,7.0,20.0,0.9996,3.24,0.76,10.4,6
W,5.6,0.18,0.58,1.25,0.034,29.0,129.0,0.9898399999999999,3.51,0.6,12.0,7
W,6.4,0.21,0.28,5.9,0.047,29.0,101.0,0.9927799999999999,3.15,0.4,11.0,6
W,6.1,0.16,0.34,6.1,0.034,31.0,114.0,0.99365,3.32,0.58,10.1333333333333,6
W,6.5,0.18,0.48,18.0,0.054000000000000006,56.0,183.0,1.0003799999999998,2.98,0.61,8.5,6
W,8.1,0.25,0.38,3.8,0.051,18.0,129.0,0.9928,3.21,0.38,11.5,6
W,6.5,0.26,0.34,1.4,0.04,25.0,184.0,0.99216,3.29,0.46,10.7,5
W,6.2,0.3,0.3,2.5,0.040999999999999995,29.0,82.0,0.99065,3.31,0.61,11.8,7
W,6.9,0.24,0.49,1.3,0.032,35.0,148.0,0.9932,3.45,0.57,10.7,6
W,7.1,0.21,0.27,8.6,0.055999999999999994,26.0,111.0,0.9956,2.95,0.52,9.5,6
W,6.8,0.46,0.26,6.3,0.147,49.0,159.0,0.99434,3.14,0.47,10.0,5
W,6.6,0.18,0.28,3.3,0.044000000000000004,18.0,91.0,0.993,3.42,0.64,10.8,6
R,9.4,0.4,0.31,2.2,0.09,13.0,62.0,0.9966,3.07,0.63,10.5,6
W,6.4,0.24,0.26,8.2,0.054000000000000006,47.0,182.0,0.9953799999999999,3.12,0.5,9.5,5
W,6.4,0.16,0.31,5.3,0.043,42.0,157.0,0.99455,3.35,0.47,10.5,6
W,6.8,0.21,0.55,14.6,0.053,34.0,159.0,0.99805,2.93,0.44,9.2,5
W,6.2,0.25,0.48,10.0,0.044000000000000004,78.0,240.0,0.99655,3.25,0.47,9.5,6
W,6.5,0.46,0.31,5.0,0.027000000000000003,15.0,72.0,0.99165,3.26,0.6,11.5,6
R,9.9,0.35,0.41,2.3,0.083,11.0,61.0,0.9982,3.21,0.5,9.5,5
W,5.9,0.17,0.28,0.7,0.027000000000000003,5.0,28.0,0.98985,3.13,0.32,10.6,6
W,7.6,0.18,0.46,10.2,0.055,58.0,135.0,0.9968,3.14,0.43,9.9,6
W,7.6,0.23,0.64,12.9,0.033,54.0,170.0,0.998,3.0,0.53,8.8,5
W,8.6,0.31,0.3,0.9,0.045,16.0,109.0,0.99249,2.95,0.39,10.1,5
W,6.0,0.29,0.41,10.8,0.048,55.0,149.0,0.9937,3.09,0.59,10.966666666666699,7
W,7.2,0.39,0.62,11.0,0.047,66.0,178.0,0.9976,3.16,0.5,8.7,5
W,5.0,0.27,0.4,1.2,0.076,42.0,124.0,0.9920399999999999,3.32,0.47,10.1,6
W,9.0,0.55,0.3,8.1,0.026000000000000002,14.0,71.0,0.993,2.94,0.36,11.8,5
W,8.2,0.34,0.29,5.2,0.076,19.0,92.0,0.9913799999999999,2.95,0.39,12.5,6
W,6.4,0.35,0.51,7.8,0.055,53.0,177.0,0.9950200000000001,3.12,0.45,9.6,5
W,9.2,0.27,0.34,10.5,0.043,49.0,228.0,0.9974,3.04,0.41,10.4,6
W,6.5,0.22,0.19,1.1,0.064,36.0,191.0,0.99297,3.05,0.5,9.5,6
W,6.4,0.23,0.37,7.9,0.05,60.0,150.0,0.9948799999999999,2.86,0.49,9.3,6
W,7.7,0.43,1.0,19.95,0.032,42.0,164.0,0.9974200000000001,3.29,0.5,12.0,6
W,7.4,0.27,0.26,11.8,0.053,55.0,173.0,0.9969899999999999,3.11,0.6,9.8,5
W,7.1,0.13,0.4,1.2,0.047,54.0,134.0,0.9932,3.3,0.97,9.8,6
W,5.7,0.21,0.32,0.9,0.038,38.0,121.0,0.99074,3.24,0.46,10.6,6
W,7.1,0.38,0.42,11.8,0.040999999999999995,32.0,193.0,0.99624,3.04,0.49,10.0,6
W,6.8,0.27,0.3,13.0,0.047,69.0,160.0,0.99705,3.16,0.5,9.6,6
W,7.1,0.37,0.32,1.4,0.037000000000000005,27.0,126.0,0.9918,3.19,0.62,12.0,6
R,6.9,0.51,0.23,2.0,0.07200000000000001,13.0,22.0,0.9943799999999999,3.4,0.84,11.2,6
W,7.6,0.33,0.36,2.1,0.034,26.0,172.0,0.9944,3.42,0.48,10.5,6
W,8.3,0.14,0.34,1.1,0.042,7.0,47.0,0.9934,3.47,0.4,10.2,5
W,7.1,0.18,0.26,1.3,0.040999999999999995,20.0,71.0,0.9926,3.04,0.74,9.9,6
W,6.1,0.38,0.42,5.0,0.016,31.0,113.0,0.9900700000000001,3.15,0.31,12.4,7
W,6.4,0.24,0.26,8.2,0.054000000000000006,47.0,182.0,0.9953799999999999,3.12,0.5,9.5,5
W,6.3,0.3,0.34,1.6,0.049,14.0,132.0,0.9940000000000001,3.3,0.49,9.5,6
W,6.8,0.15,0.33,4.7,0.059000000000000004,31.0,118.0,0.9956,3.43,0.39,9.0,6
W,5.9,0.27,0.27,5.0,0.035,14.0,97.0,0.9905799999999999,3.1,0.33,11.8,6
W,6.4,0.18,0.28,17.05,0.047,53.0,139.0,0.99724,3.25,0.35,10.5,6
W,6.4,0.475,0.06,1.0,0.03,9.0,131.0,0.9904,2.97,0.29,10.8,5
W,6.6,0.23,0.32,1.5,0.040999999999999995,8.0,72.0,0.98949,3.22,0.39,12.7,6
W,6.5,0.36,0.16,1.3,0.054000000000000006,11.0,107.0,0.99398,3.19,0.39,8.5,5
R,10.1,0.31,0.35,1.6,0.075,9.0,28.0,0.99672,3.24,0.83,11.2,7
W,7.1,0.31,0.38,1.2,0.036000000000000004,10.0,124.0,0.9924,3.14,0.44,9.9,5
R,11.9,0.38,0.49,2.7,0.098,12.0,42.0,1.0004,3.16,0.61,10.3,5
W,5.9,0.29,0.16,7.9,0.044000000000000004,48.0,197.0,0.9951200000000001,3.21,0.36,9.4,5
W,5.0,0.33,0.16,1.5,0.049,10.0,97.0,0.9917,3.48,0.44,10.7,6
W,7.6,0.18,0.36,2.4,0.049,38.0,123.0,0.996,3.6,0.46,10.3,6
W,7.3,0.23,0.34,9.3,0.052000000000000005,19.0,86.0,0.99574,3.04,0.56,10.0,6
W,6.0,0.33,0.2,1.8,0.031,49.0,159.0,0.9919,3.41,0.53,11.0,6
R,7.1,0.56,0.14,1.6,0.078,7.0,18.0,0.99592,3.27,0.62,9.3,5
W,7.4,0.41,0.34,4.7,0.042,19.0,127.0,0.9953,3.25,0.42,10.4,6
W,5.8,0.19,0.49,4.9,0.04,44.0,118.0,0.9935,3.34,0.38,9.5,6
W,6.9,0.3,0.36,0.9,0.037000000000000005,40.0,156.0,0.9896799999999999,3.08,0.36,12.1,6
W,5.7,0.27,0.32,1.2,0.046,20.0,155.0,0.9934,3.8,0.41,10.2,6
W,7.3,0.4,0.28,6.5,0.037000000000000005,26.0,97.0,0.9914799999999999,3.16,0.58,12.6,7
W,7.7,0.25,0.3,7.8,0.038,67.0,196.0,0.99555,3.1,0.5,10.1,6
W,7.4,0.24,0.42,14.0,0.066,48.0,198.0,0.9979,2.89,0.42,8.9,6
W,5.6,0.19,0.39,1.1,0.043,17.0,67.0,0.9918,3.23,0.53,10.3,6
W,7.0,0.23,0.36,13.0,0.051,72.0,177.0,0.9972,3.16,0.49,9.8,6
W,7.3,0.3,0.25,2.5,0.045,32.0,122.0,0.99329,3.18,0.54,10.3,6
R,11.2,0.5,0.74,5.15,0.1,5.0,17.0,0.9996,3.22,0.62,11.2,6
W,6.7,0.31,0.09,1.4,0.039,53.0,141.0,0.99206,3.12,0.44,10.1,5
W,6.1,0.22,0.28,16.55,0.059000000000000004,54.0,135.0,0.99665,3.2,0.38,10.5,6
W,7.0,0.36,0.32,10.05,0.045,37.0,131.0,0.9935200000000001,3.09,0.33,11.7,6
W,5.7,0.36,0.34,4.2,0.026000000000000002,21.0,77.0,0.9907,3.41,0.45,11.9,7
W,6.4,0.15,0.4,1.3,0.053,61.0,146.0,0.9911200000000001,3.17,0.68,11.0,7
W,7.3,0.27,0.37,9.7,0.042,36.0,130.0,0.9979,3.48,0.75,9.9,6
W,7.9,0.18,0.37,3.0,0.061,25.0,178.0,0.995,3.22,0.51,10.0,6
R,6.7,0.16,0.64,2.1,0.059000000000000004,24.0,52.0,0.9949399999999999,3.34,0.71,11.2,6
W,6.0,0.17,0.33,6.0,0.036000000000000004,30.0,111.0,0.9936200000000001,3.32,0.58,10.1333333333333,6
W,7.2,0.14,0.35,1.2,0.036000000000000004,15.0,73.0,0.9938,3.46,0.39,9.9,6
W,6.6,0.39,0.38,9.7,0.053,49.0,226.0,0.99787,3.3,0.57,9.4,5
W,6.8,0.39,0.34,7.4,0.02,38.0,133.0,0.9921200000000001,3.18,0.44,12.0,7
W,8.1,0.2,0.3,1.3,0.036000000000000004,7.0,49.0,0.9924200000000001,2.99,0.73,10.3,6
W,6.5,0.28,0.29,2.7,0.038,26.0,107.0,0.9912,3.32,0.41,11.6,7
R,6.6,0.5,0.01,1.5,0.06,17.0,26.0,0.9952,3.4,0.58,9.8,5
W,6.5,0.37,0.33,3.9,0.027000000000000003,40.0,130.0,0.9906,3.28,0.39,12.7,7
W,6.5,0.17,0.31,1.5,0.040999999999999995,34.0,121.0,0.99092,3.06,0.46,10.5,6
R,7.2,0.63,0.03,2.2,0.08,17.0,88.0,0.99745,3.53,0.58,9.8,5
W,7.2,0.13,0.46,1.3,0.044000000000000004,48.0,111.0,0.9912700000000001,2.97,0.45,11.1,6
W,6.4,0.43,0.27,1.1,0.054000000000000006,5.0,110.0,0.9939,3.24,0.52,9.1,5
R,7.1,0.875,0.05,5.7,0.08199999999999999,3.0,14.0,0.99808,3.4,0.52,10.2,5
R,7.1,0.46,0.14,2.8,0.076,15.0,37.0,0.99624,3.36,0.49,10.7,5
W,6.1,0.28,0.24,19.95,0.07400000000000001,32.0,174.0,0.9992200000000001,3.19,0.44,9.3,6
W,6.4,0.32,0.27,4.9,0.034,18.0,122.0,0.9916,3.36,0.71,12.5,6
R,6.4,0.53,0.09,3.9,0.12300000000000001,14.0,31.0,0.9968,3.5,0.67,11.0,6
W,7.0,0.22,0.26,2.8,0.036000000000000004,44.0,132.0,0.9907799999999999,3.34,0.41,12.0,7
W,7.9,0.21,0.39,2.0,0.057,21.0,138.0,0.9917600000000001,3.05,0.52,10.9,5
R,5.6,0.31,0.37,1.4,0.07400000000000001,12.0,96.0,0.9954,3.32,0.58,9.2,5
W,6.6,0.34,0.4,8.1,0.046,68.0,170.0,0.9949399999999999,3.15,0.5,9.53333333333333,6
W,6.8,0.34,0.69,1.3,0.057999999999999996,12.0,171.0,0.9931,3.06,0.47,9.7,5
W,6.1,0.4,0.31,0.9,0.048,23.0,170.0,0.993,3.22,0.77,9.5,6
W,7.0,0.19,0.23,5.7,0.12300000000000001,27.0,104.0,0.9954,3.04,0.54,9.4,6
R,7.1,0.6,0.0,1.8,0.07400000000000001,16.0,34.0,0.9972,3.47,0.7,9.9,6
W,7.2,0.26,0.24,7.0,0.023,19.0,130.0,0.9917600000000001,3.14,0.49,12.8,6
R,7.5,1.115,0.1,3.1,0.086,5.0,12.0,0.9958,3.54,0.6,11.2,5
W,6.3,0.23,0.21,5.1,0.035,29.0,142.0,0.9942,3.36,0.33,10.1,6
W,6.6,0.22,0.53,15.1,0.052000000000000005,22.0,136.0,0.9986,2.94,0.35,9.4,5
W,4.4,0.46,0.1,2.8,0.024,31.0,111.0,0.98816,3.48,0.34,13.1,7
W,7.9,0.26,0.33,10.3,0.039,73.0,212.0,0.9969,2.93,0.49,9.5,6
W,6.0,0.27,0.15,1.5,0.055999999999999994,35.0,128.0,0.9936,3.12,0.45,8.8,5
W,5.8,0.61,0.01,8.4,0.040999999999999995,31.0,104.0,0.9909,3.26,0.72,14.05,6
W,5.8,0.28,0.3,3.9,0.026000000000000002,36.0,105.0,0.9896299999999999,3.26,0.58,12.75,6
W,6.9,0.25,0.29,2.4,0.038,28.0,76.0,0.9908799999999999,3.01,0.36,11.7,6
R,8.4,0.56,0.08,2.1,0.105,16.0,44.0,0.9958,3.13,0.52,11.0,6
W,9.5,0.21,0.47,1.3,0.039,21.0,123.0,0.9959,2.9,0.64,9.5,5
W,6.3,0.1,0.24,6.0,0.039,25.0,107.0,0.99511,3.59,0.49,10.5,6
R,6.5,0.52,0.11,1.8,0.073,13.0,38.0,0.9955,3.34,0.52,9.3,5
W,6.3,0.3,0.2,3.7,0.039,34.0,132.0,0.9915799999999999,3.0,0.38,10.7,6
W,7.0,0.17,0.33,4.0,0.034,17.0,127.0,0.9934,3.19,0.39,10.6,6
W,6.6,0.19,0.43,10.9,0.045,53.0,154.0,0.9975200000000001,3.52,0.77,10.4,6
W,6.3,0.18,0.22,1.5,0.043,45.0,155.0,0.9923799999999999,3.19,0.48,10.2,6
W,6.9,0.38,0.28,8.3,0.062,22.0,166.0,0.9950600000000001,3.16,0.72,10.6,6
W,6.8,0.32,0.34,6.0,0.05,5.0,129.0,0.9953,3.19,0.4,9.1,5
W,7.4,0.2,0.36,1.2,0.038,44.0,111.0,0.9926,3.36,0.34,9.9,6
W,8.1,0.25,0.34,10.1,0.05,30.0,121.0,0.99724,3.17,0.49,10.1,6
W,7.4,0.22,0.26,1.2,0.035,18.0,97.0,0.99245,3.12,0.41,9.7,6
W,7.0,0.2,0.34,5.7,0.035,32.0,83.0,0.9928,3.19,0.46,11.5,6
W,7.1,0.3,0.49,1.6,0.045,31.0,100.0,0.9942,3.4,0.59,10.2,6
W,6.2,0.32,0.12,4.8,0.054000000000000006,6.0,97.0,0.99424,3.16,0.5,9.3,5
W,5.4,0.17,0.27,2.7,0.049,28.0,104.0,0.99224,3.46,0.55,10.3,6
R,5.3,0.57,0.01,1.7,0.054000000000000006,5.0,27.0,0.9934,3.57,0.84,12.5,6
W,7.1,0.2,0.35,3.2,0.034,21.0,107.0,0.99195,3.11,0.54,11.1,6
W,6.0,0.29,0.21,15.55,0.043,20.0,142.0,0.9965799999999999,3.11,0.54,10.1,5
W,5.8,0.36,0.38,0.9,0.037000000000000005,3.0,75.0,0.9904,3.28,0.34,11.4,5
R,9.1,0.52,0.33,1.3,0.07,9.0,30.0,0.9978,3.24,0.6,9.3,5
W,6.8,0.45,0.28,26.05,0.031,27.0,122.0,1.00295,3.06,0.42,10.6,6
R,7.1,0.43,0.42,5.5,0.07,29.0,129.0,0.9973,3.42,0.72,10.5,5
W,7.3,0.22,0.37,14.3,0.063,48.0,191.0,0.9978,2.89,0.38,9.0,6
W,7.0,0.39,0.31,5.3,0.16899999999999998,32.0,162.0,0.9965,3.2,0.48,9.4,5
W,8.4,0.27,0.46,8.7,0.048,39.0,197.0,0.9974,3.14,0.59,9.6,6
W,8.2,0.35,0.4,6.3,0.039,35.0,162.0,0.9936,3.15,0.34,11.9,6
W,6.7,0.11,0.34,8.8,0.043,41.0,113.0,0.9962,3.42,0.4,9.3,6
R,5.6,0.66,0.0,2.2,0.087,3.0,11.0,0.9937799999999999,3.71,0.63,12.8,6
W,7.0,0.15,0.34,1.4,0.039,21.0,177.0,0.9927,3.32,0.62,10.8,6
W,6.9,0.28,0.4,8.2,0.036000000000000004,15.0,95.0,0.9944,3.17,0.33,10.2,6
W,7.4,0.25,0.49,1.1,0.042,35.0,156.0,0.9917,3.13,0.55,11.3,6
R,10.7,0.4,0.48,2.1,0.125,15.0,49.0,0.998,3.03,0.81,9.7,5
W,6.7,0.15,0.32,7.9,0.034,17.0,81.0,0.9951200000000001,3.29,0.31,10.0,6
W,7.6,0.4,0.27,5.2,0.03,32.0,101.0,0.99172,3.22,0.62,12.3,7
W,8.7,0.23,0.32,13.4,0.044000000000000004,35.0,169.0,0.99975,3.12,0.47,8.8,7
W,7.4,0.49,0.24,15.1,0.03,34.0,153.0,0.9953,3.13,0.51,12.0,7
W,6.7,0.64,0.3,1.2,0.03,18.0,76.0,0.9892,3.16,0.6,12.9,6
R,8.8,0.685,0.26,1.6,0.08800000000000001,16.0,23.0,0.9969399999999999,3.32,0.47,9.4,5
W,5.8,0.24,0.26,10.05,0.039,63.0,162.0,0.99375,3.33,0.5,11.2,6
W,6.3,0.19,0.28,1.8,0.022000000000000002,28.0,158.0,0.9907,3.2,0.64,11.4,6
R,7.7,0.965,0.1,2.1,0.11199999999999999,11.0,22.0,0.9963,3.26,0.5,9.5,5
W,6.1,0.24,0.27,9.8,0.062,33.0,152.0,0.9966,3.31,0.47,9.5,5
W,6.2,0.33,0.14,4.8,0.052000000000000005,27.0,128.0,0.99475,3.21,0.48,9.4,5
W,5.9,0.28,0.14,8.6,0.032,30.0,142.0,0.9954200000000001,3.28,0.44,9.5,6
W,9.4,0.24,0.29,8.5,0.037000000000000005,124.0,208.0,0.99395,2.9,0.38,11.0,6
W,6.5,0.27,0.19,6.6,0.045,98.0,175.0,0.99364,3.16,0.34,10.1,6
W,6.1,0.27,0.25,1.8,0.040999999999999995,9.0,109.0,0.9929,3.08,0.54,9.0,5
R,10.0,0.43,0.33,2.7,0.095,28.0,89.0,0.9984,3.22,0.68,10.0,5
W,5.2,0.25,0.23,1.4,0.047,20.0,77.0,0.9900100000000001,3.32,0.62,11.4,6
W,6.9,0.35,0.55,11.95,0.038,22.0,111.0,0.99687,3.11,0.29,9.7,5
W,7.5,0.29,0.31,8.95,0.055,20.0,151.0,0.9968,3.08,0.54,9.3,5
W,7.0,0.15,0.28,14.7,0.051,29.0,149.0,0.99792,2.96,0.39,9.0,7
W,7.1,0.39,0.39,11.1,0.034,25.0,204.0,0.99616,3.05,0.52,10.0,6
W,4.2,0.17,0.36,1.8,0.028999999999999998,93.0,161.0,0.9899899999999999,3.65,0.89,12.0,7
W,6.6,0.35,0.34,4.9,0.032,9.0,125.0,0.9925299999999999,3.32,0.81,12.0,6
W,6.6,0.28,0.34,0.8,0.037000000000000005,42.0,119.0,0.9888,3.03,0.37,12.5,6
W,7.4,0.17,0.4,5.5,0.037000000000000005,34.0,161.0,0.9935,3.05,0.62,11.5,6
R,7.7,0.715,0.01,2.1,0.064,31.0,43.0,0.99371,3.41,0.57,11.8,6
W,6.2,0.35,0.29,3.9,0.040999999999999995,22.0,79.0,0.99005,3.1,0.59,12.066666666666698,7
W,7.2,0.36,0.36,5.7,0.038,26.0,98.0,0.9914,2.93,0.59,12.5,7
W,8.6,0.34,0.36,1.4,0.045,11.0,119.0,0.99556,3.17,0.47,9.4,5
R,10.0,0.44,0.49,2.7,0.077,11.0,19.0,0.9963,3.23,0.63,11.6,6
W,6.3,0.23,0.3,1.8,0.033,16.0,91.0,0.9906,3.28,0.4,11.8,6
W,6.0,0.33,0.26,5.1,0.051,16.0,119.0,0.99416,3.15,0.41,9.2,5
W,8.4,0.2,0.27,6.3,0.048,30.0,143.0,0.9966,3.25,0.5,9.1,6
W,7.1,0.29,0.49,1.2,0.031,32.0,99.0,0.9893,3.07,0.33,12.2,6
W,6.6,0.3,0.3,4.8,0.17,60.0,166.0,0.9946,3.18,0.47,9.4,5
W,7.2,0.46,0.65,10.4,0.05,76.0,192.0,0.9976,3.16,0.42,8.7,5
R,9.5,0.57,0.27,2.3,0.08199999999999999,23.0,144.0,0.99782,3.27,0.55,9.4,5
R,7.4,0.55,0.22,2.2,0.106,12.0,72.0,0.9959,3.05,0.63,9.2,5
W,6.7,0.37,0.41,6.3,0.061,22.0,149.0,0.9953,3.16,0.47,9.6,5
W,6.8,0.18,0.32,7.2,0.047,17.0,109.0,0.99498,3.42,0.44,10.4,6
W,7.2,0.16,0.35,1.2,0.031,27.0,84.0,0.9928,3.33,0.34,9.9,6
R,6.6,0.39,0.49,1.7,0.07,23.0,149.0,0.9922,3.12,0.5,11.5,6
W,5.6,0.26,0.5,11.4,0.028999999999999998,25.0,93.0,0.9942799999999999,3.23,0.49,10.5,6
W,7.0,0.13,0.37,12.85,0.042,36.0,105.0,0.9958100000000001,3.05,0.55,10.7,6
W,8.1,0.2,0.3,1.3,0.036000000000000004,7.0,49.0,0.9924200000000001,2.99,0.73,10.3,6
R,6.1,0.32,0.25,2.3,0.071,23.0,58.0,0.9963299999999999,3.42,0.97,10.6,5
W,8.6,0.16,0.38,3.4,0.04,41.0,143.0,0.9932,2.95,0.39,10.2,6
W,6.9,0.28,0.37,9.1,0.037000000000000005,16.0,76.0,0.9948,3.05,0.54,11.1,5
R,7.0,0.805,0.0,2.5,0.068,7.0,20.0,0.9969,3.48,0.56,9.6,5
W,5.2,0.24,0.45,3.8,0.027000000000000003,21.0,128.0,0.992,3.55,0.49,11.2,6
W,6.3,0.2,0.3,5.9,0.034,35.0,152.0,0.9964200000000001,3.47,0.4,8.5,6
W,7.1,0.25,0.31,2.3,0.05,32.0,156.0,0.9914,3.14,0.51,11.4,6
W,6.9,0.21,0.24,1.8,0.021,17.0,80.0,0.98992,3.15,0.46,12.3,6
W,6.1,0.34,0.31,12.0,0.053,46.0,238.0,0.9977,3.16,0.48,8.6,5
W,6.8,0.11,0.27,8.6,0.044000000000000004,45.0,104.0,0.99454,3.2,0.37,9.9,6
R,9.0,0.46,0.23,2.8,0.092,28.0,104.0,0.9983,3.1,0.56,9.2,5
W,7.3,0.26,0.3,9.3,0.05,35.0,154.0,0.9958100000000001,3.21,0.5,10.4,6
W,6.5,0.27,0.19,4.2,0.046,6.0,114.0,0.9955,3.25,0.35,8.6,5
W,7.5,0.31,0.51,14.8,0.039,62.0,204.0,0.9982,3.06,0.6,9.5,5
W,5.9,0.34,0.31,2.0,0.03,38.0,142.0,0.98892,3.4,0.41,12.9,7
R,9.9,0.35,0.41,2.3,0.083,11.0,61.0,0.9982,3.21,0.5,9.5,5
W,7.8,0.17,0.23,1.7,0.028999999999999998,39.0,128.0,0.99272,3.37,0.41,10.7,6
R,8.9,0.875,0.13,3.45,0.08800000000000001,4.0,14.0,0.9994,3.44,0.52,11.5,5
W,6.9,0.18,0.3,2.0,0.038,39.0,190.0,0.9914,3.32,0.37,12.2,6
W,7.2,0.24,0.28,1.9,0.032,30.0,92.0,0.9914,3.1,0.39,10.9,6
W,6.4,0.31,0.39,7.5,0.04,57.0,213.0,0.99475,3.32,0.43,10.0,6
W,6.5,0.18,0.26,1.4,0.040999999999999995,40.0,141.0,0.9941,3.34,0.72,9.5,6
W,6.4,0.24,0.5,11.6,0.047,60.0,211.0,0.9966,3.18,0.57,9.3,5
R,8.7,0.765,0.22,2.3,0.064,9.0,42.0,0.9963,3.1,0.55,9.4,5
R,6.4,0.47,0.4,2.4,0.071,8.0,19.0,0.9963,3.56,0.73,10.6,6
R,7.7,0.43,0.25,2.6,0.073,29.0,63.0,0.99615,3.37,0.58,10.5,6
R,7.2,0.52,0.07,1.4,0.07400000000000001,5.0,20.0,0.9973,3.32,0.81,9.6,6
W,6.5,0.25,0.2,1.4,0.024,29.0,101.0,0.9916,3.24,0.54,10.8,6
W,6.1,0.25,0.28,10.0,0.055,56.0,131.0,0.9940000000000001,3.22,0.35,10.9,6
W,6.1,0.28,0.22,1.8,0.034,32.0,116.0,0.9898,3.36,0.44,12.6,7
W,7.3,0.25,0.36,2.1,0.034,30.0,177.0,0.99085,3.25,0.4,11.9,8
W,6.9,0.42,0.2,15.4,0.043,57.0,201.0,0.9984799999999999,3.08,0.54,9.4,5
W,7.4,0.32,0.27,1.4,0.049,38.0,173.0,0.99335,3.03,0.52,9.3,5
R,9.7,0.69,0.32,2.5,0.08800000000000001,22.0,91.0,0.9979,3.29,0.62,10.1,5
R,7.5,0.58,0.14,2.2,0.077,27.0,60.0,0.9963,3.28,0.59,9.8,5
W,5.1,0.33,0.22,1.6,0.027000000000000003,18.0,89.0,0.9893,3.51,0.38,12.5,7
W,9.2,0.28,0.41,1.0,0.042,14.0,59.0,0.9922,2.96,0.25,10.5,5
W,6.4,0.2,0.28,2.5,0.032,24.0,84.0,0.9916799999999999,3.31,0.55,11.5,6
W,6.3,0.18,0.36,1.2,0.034,26.0,111.0,0.99074,3.16,0.51,11.0,6
W,6.7,0.16,0.32,12.5,0.035,18.0,156.0,0.99666,2.88,0.36,9.0,6
W,7.6,0.31,0.26,1.7,0.073,40.0,157.0,0.9938,3.1,0.46,9.8,5
W,6.6,0.32,0.22,16.7,0.046,38.0,133.0,0.9979,3.22,0.67,10.4,6
R,9.7,0.53,0.6,2.0,0.039,5.0,19.0,0.99585,3.3,0.86,12.4,6
R,7.5,0.64,0.0,2.4,0.077,18.0,29.0,0.9965,3.32,0.6,10.0,5
W,5.6,0.2,0.66,10.2,0.043,78.0,175.0,0.9945,2.98,0.43,10.4,6
R,7.1,0.35,0.29,2.5,0.096,20.0,53.0,0.9962,3.42,0.65,11.0,6
W,6.8,0.51,0.3,4.2,0.066,38.0,165.0,0.9945,3.2,0.42,9.1,5
W,6.6,0.27,0.31,5.3,0.13699999999999998,35.0,163.0,0.9951,3.2,0.38,9.3,5
R,7.8,0.53,0.04,1.7,0.076,17.0,31.0,0.9964,3.33,0.56,10.0,6
W,7.3,0.28,0.43,1.7,0.08,21.0,123.0,0.9905,3.19,0.42,12.8,6
R,7.2,0.63,0.0,1.9,0.09699999999999999,14.0,38.0,0.99675,3.37,0.58,9.0,6
W,7.7,0.42,0.38,8.1,0.061,49.0,144.0,0.9966,3.4,0.58,11.0,6
W,5.9,0.17,0.3,1.4,0.042,25.0,119.0,0.9931,3.68,0.72,10.5,6
R,7.1,0.6,0.01,2.3,0.079,24.0,37.0,0.9951399999999999,3.4,0.61,10.9,6
W,6.8,0.35,0.32,2.4,0.048,35.0,103.0,0.9911,3.28,0.46,12.0,6
R,11.5,0.3,0.6,2.0,0.067,12.0,27.0,0.9981,3.11,0.97,10.1,6
W,7.6,0.39,0.22,2.8,0.036000000000000004,19.0,113.0,0.9926,3.03,0.29,10.2,6
W,6.0,0.26,0.5,2.2,0.048,59.0,153.0,0.9928,3.08,0.61,9.8,6
R,7.9,0.43,0.21,1.6,0.106,10.0,37.0,0.9966,3.17,0.91,9.5,5
W,8.0,0.27,0.24,1.2,0.044000000000000004,20.0,102.0,0.9929,3.28,0.42,10.9,6
W,6.3,0.23,0.3,1.8,0.033,16.0,91.0,0.9906,3.28,0.4,11.8,6
W,5.9,0.36,0.04,5.7,0.046,21.0,87.0,0.9934,3.22,0.51,10.2,5
R,6.8,0.815,0.0,1.2,0.267,16.0,29.0,0.99471,3.32,0.51,9.8,5
W,7.4,0.28,0.49,1.5,0.034,20.0,126.0,0.9918,2.98,0.39,10.6,6
R,7.5,0.31,0.41,2.4,0.065,34.0,60.0,0.99492,3.34,0.85,11.4,6
W,6.6,0.22,0.29,14.4,0.046,39.0,118.0,0.99834,3.05,0.5,9.1,6
W,7.1,0.39,0.3,9.9,0.037000000000000005,29.0,124.0,0.9941399999999999,3.07,0.42,10.9,6
R,6.2,0.65,0.06,1.6,0.05,6.0,18.0,0.9934799999999999,3.57,0.54,11.95,5
R,11.5,0.45,0.5,3.0,0.078,19.0,47.0,1.0003,3.26,1.11,11.0,6
W,8.5,0.25,0.27,4.7,0.031,31.0,92.0,0.9922,3.01,0.33,12.0,6
W,7.3,0.4,0.28,6.5,0.037000000000000005,26.0,97.0,0.9914799999999999,3.16,0.58,12.6,7
W,6.8,0.14,0.35,1.5,0.047,40.0,117.0,0.99111,3.07,0.72,11.1,6
W,6.0,0.27,0.31,5.0,0.043,54.0,170.0,0.9924,3.28,0.52,11.0,6
R,7.7,0.58,0.01,1.8,0.08800000000000001,12.0,18.0,0.9956799999999999,3.32,0.56,10.5,6
W,7.7,0.49,1.0,19.6,0.03,28.0,135.0,0.9973,3.24,0.4,12.0,6
W,7.0,0.15,0.28,14.7,0.051,29.0,149.0,0.99792,2.96,0.39,9.0,7
W,5.9,0.415,0.02,0.8,0.038,22.0,63.0,0.9932,3.36,0.36,9.3,5
W,6.9,0.18,0.36,1.3,0.036000000000000004,40.0,117.0,0.9934,3.27,0.95,9.5,7
W,6.4,0.26,0.43,12.6,0.033,64.0,230.0,0.9974,3.08,0.38,8.9,5
W,7.0,0.3,0.38,14.9,0.032,60.0,181.0,0.9983,3.18,0.61,9.3,5
W,7.5,0.42,0.2,1.4,0.06,15.0,168.0,0.9944,3.06,0.4,9.4,5
W,6.7,0.16,0.37,1.3,0.036000000000000004,45.0,125.0,0.98964,3.19,0.51,12.4,6
W,6.9,0.37,0.23,9.5,0.057,54.0,166.0,0.9956799999999999,3.23,0.42,10.0,5
R,8.2,0.33,0.39,2.5,0.07400000000000001,29.0,48.0,0.9952799999999999,3.32,0.88,12.4,7
W,7.0,0.47,0.07,1.1,0.035,17.0,151.0,0.991,3.02,0.34,10.5,5
W,7.1,0.21,0.27,8.6,0.055999999999999994,26.0,111.0,0.9956,2.95,0.52,9.5,6
R,10.0,0.58,0.22,1.9,0.08,9.0,32.0,0.9974,3.13,0.55,9.5,5
W,6.1,0.32,0.25,1.7,0.034,37.0,136.0,0.992,3.47,0.5,10.8,6
W,6.9,0.28,0.27,2.1,0.036000000000000004,42.0,121.0,0.9926,3.42,0.49,10.8,6
W,6.6,0.36,0.52,10.1,0.05,29.0,140.0,0.9962799999999999,3.07,0.4,9.4,5
W,9.6,0.23,0.4,1.5,0.044000000000000004,19.0,135.0,0.9937,2.96,0.49,10.9,6
W,6.4,0.125,0.29,5.85,0.042,24.0,99.0,0.992,3.23,0.32,12.0,6
W,5.5,0.485,0.0,1.5,0.065,8.0,103.0,0.9940000000000001,3.63,0.4,9.7,5
W,7.1,0.19,0.28,3.6,0.033,16.0,78.0,0.993,2.91,0.78,11.4,6
W,6.0,0.4,0.3,1.6,0.047,30.0,117.0,0.9931,3.17,0.48,10.1,6
W,7.1,0.16,0.25,1.3,0.034,28.0,123.0,0.9915,3.27,0.55,11.4,6
R,6.6,0.56,0.14,2.4,0.064,13.0,29.0,0.99397,3.42,0.62,11.7,6
W,7.2,0.17,0.37,6.9,0.059000000000000004,47.0,128.0,0.9932200000000001,3.08,0.46,11.0,6
R,9.5,0.78,0.22,1.9,0.077,6.0,32.0,0.9988,3.26,0.56,10.6,5
R,7.6,0.51,0.24,2.4,0.091,8.0,38.0,0.998,3.47,0.66,9.6,5
W,6.5,0.22,0.5,16.4,0.048,36.0,182.0,0.9990399999999999,3.02,0.49,8.8,6
W,7.0,0.32,0.34,1.3,0.042,20.0,69.0,0.9912,3.31,0.65,12.0,6
W,7.4,0.29,0.29,1.6,0.045,53.0,180.0,0.9936,3.34,0.68,10.5,6
W,6.7,0.22,0.39,1.2,0.049,26.0,152.0,0.99346,3.5,0.47,10.0,6
W,6.0,0.25,0.4,5.7,0.052000000000000005,56.0,152.0,0.99398,3.16,0.88,10.5,6
W,6.2,0.29,0.26,13.1,0.046,55.0,204.0,0.99745,3.16,0.41,9.6,5
W,5.8,0.28,0.35,2.3,0.053,36.0,114.0,0.9924,3.28,0.5,10.2,6
W,5.4,0.53,0.16,2.7,0.036000000000000004,34.0,128.0,0.98856,3.2,0.53,13.2,8
W,8.6,0.31,0.3,0.9,0.045,16.0,109.0,0.99249,2.95,0.39,10.1,5
R,6.2,0.52,0.08,4.4,0.071,11.0,32.0,0.99646,3.56,0.63,11.6,6
R,7.4,0.64,0.07,1.8,0.1,8.0,23.0,0.9961,3.3,0.58,9.6,5
W,5.6,0.49,0.13,4.5,0.039,17.0,116.0,0.9907,3.42,0.9,13.7,7
W,7.8,0.2,0.28,10.2,0.054000000000000006,78.0,186.0,0.997,3.14,0.46,10.0,6
R,5.2,0.34,0.0,1.8,0.05,27.0,63.0,0.9916,3.68,0.79,14.0,6
W,6.0,0.32,0.3,1.3,0.025,18.0,112.0,0.9880200000000001,3.07,0.64,13.3,6
R,9.3,0.39,0.44,2.1,0.107,34.0,125.0,0.9978,3.14,1.22,9.5,5
W,7.3,0.24,0.34,15.4,0.05,38.0,174.0,0.9983,3.03,0.42,9.0,6
W,6.1,0.24,0.26,1.7,0.033,61.0,134.0,0.9903,3.19,0.81,11.9,7
W,6.6,0.24,0.35,7.7,0.031,36.0,135.0,0.9938,3.19,0.37,10.5,6
W,6.8,0.26,0.24,7.8,0.052000000000000005,54.0,214.0,0.9961,3.13,0.47,8.9,5
W,6.4,0.14,0.31,1.2,0.034,53.0,138.0,0.9908399999999999,3.38,0.35,11.5,7
W,7.6,0.22,0.28,12.0,0.055999999999999994,68.0,143.0,0.9983,2.99,0.3,9.2,6
R,6.5,0.88,0.03,5.6,0.079,23.0,47.0,0.99572,3.58,0.5,11.2,6
R,6.5,0.615,0.0,1.9,0.065,9.0,18.0,0.9972,3.46,0.65,9.2,5
W,6.8,0.32,0.34,6.0,0.05,5.0,129.0,0.9953,3.19,0.4,9.1,5
W,6.0,0.19,0.71,1.5,0.152,9.0,55.0,0.9927,3.12,0.46,9.8,5
R,6.6,0.735,0.02,7.9,0.122,68.0,124.0,0.9994,3.47,0.53,9.9,5
R,8.5,0.34,0.44,1.7,0.079,6.0,12.0,0.99605,3.52,0.63,10.7,6
W,6.2,0.25,0.44,15.8,0.057,39.0,167.0,0.9980399999999999,3.14,0.51,9.2,5
W,6.7,0.265,0.22,8.6,0.048,54.0,198.0,0.9955,3.25,0.41,10.2,6
W,6.8,0.23,0.29,15.4,0.073,56.0,173.0,0.9984,3.06,0.41,8.7,6
R,7.5,0.42,0.31,1.6,0.08,15.0,42.0,0.9978,3.31,0.64,9.0,5
R,11.5,0.54,0.71,4.4,0.124,6.0,15.0,0.9984,3.01,0.83,11.8,6
R,7.9,0.19,0.42,1.6,0.057,18.0,30.0,0.9940000000000001,3.29,0.69,11.2,6
R,8.4,0.65,0.6,2.1,0.11199999999999999,12.0,90.0,0.9973,3.2,0.52,9.2,5
W,6.4,0.26,0.21,8.2,0.05,51.0,182.0,0.9954200000000001,3.23,0.48,9.5,5
W,6.3,0.35,0.3,5.7,0.035,8.0,97.0,0.9927,3.27,0.41,11.0,7
R,7.5,0.63,0.12,5.1,0.111,50.0,110.0,0.9983,3.26,0.77,9.4,5
R,12.5,0.28,0.54,2.3,0.08199999999999999,12.0,29.0,0.9997,3.11,1.36,9.8,6
W,6.1,0.22,0.46,1.8,0.16,34.0,74.0,0.9884,3.19,0.33,13.4,6
R,9.6,0.54,0.42,2.4,0.081,25.0,52.0,0.997,3.2,0.71,11.4,6
W,7.7,0.38,0.23,10.8,0.03,28.0,95.0,0.99164,2.93,0.41,13.6,6
W,7.2,0.26,0.74,13.6,0.05,56.0,162.0,0.998,3.03,0.44,8.8,5
R,7.1,0.68,0.07,1.9,0.075,16.0,51.0,0.99685,3.38,0.52,9.5,5
W,7.4,0.3,0.22,5.25,0.053,33.0,180.0,0.9926,3.13,0.45,11.6,6
W,7.5,0.33,0.39,12.4,0.065,29.0,119.0,0.9974,3.16,0.39,9.4,5
W,7.9,0.17,0.32,1.6,0.053,47.0,150.0,0.9948,3.29,0.76,9.6,6
W,6.9,0.28,0.24,2.1,0.034,49.0,121.0,0.98882,2.98,0.43,13.2,7
W,5.6,0.185,0.49,1.1,0.03,28.0,117.0,0.9918,3.55,0.45,10.3,6
W,5.9,0.4,0.32,6.0,0.034,50.0,127.0,0.992,3.51,0.58,12.5,7
W,6.3,0.34,0.31,6.0,0.02,18.0,68.0,0.9898100000000001,3.22,0.29,13.4,6
W,6.4,0.475,0.06,1.0,0.03,9.0,131.0,0.9904,2.97,0.29,10.8,5
W,5.7,0.4,0.35,5.1,0.026000000000000002,17.0,113.0,0.9905200000000001,3.18,0.67,12.4,6
W,6.2,0.2,0.31,1.0,0.031,22.0,73.0,0.99035,3.24,0.52,11.3,6
W,6.3,0.25,0.44,1.7,0.024,36.0,116.0,0.98935,3.18,0.4,12.5,6
W,7.2,0.26,0.32,10.4,0.062,23.0,114.0,0.9966,3.23,0.49,10.5,6
W,6.1,0.25,0.18,10.5,0.049,41.0,124.0,0.9963,3.14,0.35,10.5,6
W,6.9,0.56,0.26,10.9,0.06,55.0,193.0,0.9969,3.21,0.44,9.4,5
W,7.4,0.19,0.49,9.3,0.03,26.0,132.0,0.9940000000000001,2.99,0.32,11.0,6
W,5.8,0.32,0.31,2.7,0.049,25.0,153.0,0.99067,3.44,0.73,12.2,7
W,7.5,0.26,0.52,13.2,0.047,64.0,179.0,0.9982,3.1,0.46,9.0,6
W,6.8,0.23,0.3,6.95,0.044000000000000004,42.0,179.0,0.9946,3.25,0.56,10.6,6
W,6.6,0.26,0.22,18.15,0.05,23.0,139.0,0.9990399999999999,3.06,0.5,9.2,5
W,7.7,0.34,0.58,11.1,0.039,41.0,151.0,0.9978,3.06,0.49,8.6,5
W,6.5,0.52,0.17,1.4,0.047,5.0,26.0,0.9932,3.26,0.32,10.0,5
W,8.0,0.23,0.41,1.1,0.048,35.0,150.0,0.9916799999999999,3.09,0.47,11.2,6
W,7.0,0.27,0.74,1.3,0.17300000000000001,34.0,121.0,0.99334,3.04,0.46,9.2,6
W,7.2,0.2,0.61,16.2,0.043,14.0,103.0,0.9987,3.06,0.36,9.2,6
W,7.4,0.39,0.23,7.0,0.033,29.0,126.0,0.9940000000000001,3.14,0.42,10.5,6
W,6.7,0.11,0.26,14.8,0.053,44.0,95.0,0.9967600000000001,3.2,0.35,9.8,6
W,7.4,0.34,0.42,1.1,0.033,17.0,171.0,0.9917,3.12,0.53,11.3,6
R,10.0,0.48,0.24,2.7,0.102,13.0,32.0,1.0,3.28,0.56,10.0,6
W,6.6,0.3,0.25,8.0,0.036000000000000004,21.0,124.0,0.9936200000000001,3.06,0.38,10.8,6
W,6.4,0.21,0.21,5.1,0.09699999999999999,21.0,105.0,0.9939,3.07,0.46,9.6,5
W,8.2,0.61,0.45,5.4,0.03,15.0,118.0,0.9954,3.14,0.34,9.6,5
W,7.3,0.22,0.37,14.3,0.063,48.0,191.0,0.9978,2.89,0.38,9.0,6
W,7.8,0.34,0.27,1.2,0.04,25.0,106.0,0.9932,3.01,0.55,10.4,6
W,7.4,0.32,0.55,16.6,0.055999999999999994,53.0,238.0,1.0017,2.96,0.58,8.7,5
W,7.1,0.28,0.26,2.8,0.039,50.0,118.0,0.9908,3.06,0.59,11.2,6
R,8.9,0.5,0.21,2.2,0.08800000000000001,21.0,39.0,0.99692,3.33,0.83,11.1,6
W,6.6,0.28,0.3,7.8,0.049,57.0,202.0,0.9958,3.24,0.39,9.5,5
W,6.6,0.19,0.25,1.2,0.052000000000000005,34.0,181.0,0.9935200000000001,3.3,0.42,9.4,6
W,5.8,0.25,0.24,13.3,0.044000000000000004,41.0,137.0,0.9972,3.34,0.42,9.5,6
W,7.0,0.15,0.38,2.2,0.047,33.0,96.0,0.9928,3.13,0.39,10.4,6
W,6.3,0.13,0.42,1.1,0.043,63.0,146.0,0.99066,3.13,0.72,11.2,7
R,6.7,0.56,0.09,2.9,0.079,7.0,22.0,0.99669,3.46,0.61,10.2,5
W,6.4,0.14,0.28,7.9,0.057,21.0,82.0,0.99425,3.26,0.36,10.0,6
W,6.0,0.21,0.34,2.0,0.042,63.0,123.0,0.9905200000000001,3.44,0.42,11.4,6
W,6.6,0.2,0.27,10.9,0.038,29.0,130.0,0.9949600000000001,3.11,0.44,10.5,7
W,7.7,0.26,0.51,2.6,0.045,26.0,159.0,0.99126,3.0,0.5,11.2,6
W,6.2,0.24,0.22,7.9,0.053,45.0,149.0,0.99545,3.23,0.52,9.3,5
W,7.2,0.19,0.27,11.2,0.061,46.0,149.0,0.99772,2.99,0.59,9.3,6
W,6.0,0.26,0.34,1.3,0.046,6.0,29.0,0.9924,3.29,0.63,10.4,6
W,6.7,0.61,0.21,1.65,0.11699999999999999,40.0,240.0,0.9938,3.11,0.57,9.3,5
W,6.1,0.21,0.3,6.3,0.039,47.0,136.0,0.9906799999999999,3.27,0.31,12.7,7
W,6.0,0.2,0.25,2.0,0.040999999999999995,30.0,95.0,0.9907799999999999,3.27,0.56,11.1,6
R,6.9,0.67,0.06,2.1,0.08,8.0,33.0,0.99845,3.68,0.71,9.6,5
R,9.4,0.395,0.46,4.6,0.094,3.0,10.0,0.99639,3.27,0.64,12.2,6
W,7.2,0.24,0.27,11.4,0.034,40.0,174.0,0.9977299999999999,3.2,0.44,9.0,5
R,7.3,0.55,0.01,1.8,0.09300000000000001,9.0,15.0,0.9951399999999999,3.35,0.58,11.0,6
W,9.9,1.005,0.46,1.4,0.046,34.0,185.0,0.9966,3.02,0.49,10.2,5
W,5.2,0.37,0.33,1.2,0.027999999999999997,13.0,81.0,0.9902,3.37,0.38,11.7,6
W,7.3,0.25,0.36,13.1,0.05,35.0,200.0,0.9986,3.04,0.46,8.9,7
W,7.4,0.19,0.31,14.5,0.045,39.0,193.0,0.9986,3.1,0.5,9.2,6
R,8.9,0.29,0.35,1.9,0.067,25.0,57.0,0.997,3.18,1.36,10.3,6
W,8.3,0.15,0.39,1.3,0.055,32.0,146.0,0.993,3.08,0.39,10.5,6
W,6.9,0.34,0.49,7.3,0.045,61.0,206.0,0.9957,3.09,0.4,9.0,5
W,6.2,0.25,0.54,7.0,0.046,58.0,176.0,0.99454,3.19,0.7,10.4,5
W,5.8,0.31,0.32,4.5,0.024,28.0,94.0,0.98906,3.25,0.52,13.7,7
W,7.2,0.15,0.33,1.1,0.027000000000000003,16.0,63.0,0.9937,3.37,0.4,9.9,6
W,7.8,0.21,0.49,1.2,0.036000000000000004,20.0,99.0,0.99,3.05,0.28,12.1,6
R,9.4,0.5,0.34,3.6,0.08199999999999999,5.0,14.0,0.9987,3.29,0.52,10.7,6
R,6.8,0.59,0.06,6.0,0.06,11.0,18.0,0.9962,3.41,0.59,10.8,6
W,6.7,0.54,0.27,7.1,0.049,8.0,178.0,0.9950200000000001,3.16,0.38,9.4,5
W,5.8,0.15,0.31,5.9,0.036000000000000004,7.0,73.0,0.9915200000000001,3.2,0.43,11.9,6
R,11.9,0.37,0.69,2.3,0.078,12.0,24.0,0.9958,3.0,0.65,12.8,6
W,6.8,0.19,0.32,7.6,0.049,37.0,107.0,0.9933200000000001,3.12,0.44,10.7,6
W,7.2,0.19,0.31,6.3,0.034,17.0,103.0,0.99305,3.15,0.52,11.4,7
W,7.2,0.26,0.4,6.3,0.047,52.0,172.0,0.9957299999999999,3.18,0.53,9.5,6
W,6.0,0.67,0.07,1.2,0.06,9.0,108.0,0.9931,3.11,0.35,8.7,5
W,7.1,0.22,0.32,16.9,0.055999999999999994,49.0,158.0,0.9998,3.37,0.38,9.6,6
W,7.4,0.19,0.49,9.3,0.03,26.0,132.0,0.9940000000000001,2.99,0.32,11.0,6
R,9.0,0.43,0.34,2.5,0.08,26.0,86.0,0.9987,3.38,0.62,9.5,5
R,7.2,0.34,0.21,2.5,0.075,41.0,68.0,0.9958600000000001,3.37,0.54,10.1,5
W,5.6,0.28,0.27,3.9,0.043,52.0,158.0,0.9920200000000001,3.35,0.44,10.7,7
W,6.3,0.27,0.38,0.9,0.051,7.0,140.0,0.9926,3.45,0.5,10.5,5
R,9.8,0.98,0.32,2.3,0.078,35.0,152.0,0.998,3.25,0.48,9.4,5
W,6.7,0.26,0.49,8.1,0.052000000000000005,48.0,197.0,0.9955799999999999,3.19,0.48,9.5,5
W,6.8,0.24,0.31,18.3,0.046,40.0,142.0,1.0,3.3,0.41,8.7,5
R,6.3,1.02,0.0,2.0,0.083,17.0,24.0,0.9943700000000001,3.59,0.55,11.2,6
W,7.1,0.25,0.32,10.3,0.040999999999999995,66.0,272.0,0.9969,3.17,0.52,9.1,6
W,7.1,0.47,0.24,6.0,0.044000000000000004,11.0,77.0,0.9956,3.21,0.56,9.7,5
W,7.8,0.28,0.31,2.1,0.046,28.0,208.0,0.99434,3.23,0.64,9.8,5
R,6.6,0.64,0.31,6.1,0.083,7.0,49.0,0.99718,3.35,0.68,10.3,5
W,7.5,0.19,0.49,1.6,0.047,42.0,140.0,0.9932,3.4,0.47,10.7,6
W,6.4,0.16,0.37,1.5,0.037000000000000005,27.0,109.0,0.99345,3.38,0.5,9.8,6
W,7.6,0.13,0.34,9.3,0.062,40.0,126.0,0.9966,3.21,0.39,9.6,6
W,6.6,0.36,0.52,10.1,0.05,29.0,140.0,0.9962799999999999,3.07,0.4,9.4,5
R,9.3,0.775,0.27,2.8,0.078,24.0,56.0,0.9984,3.31,0.67,10.6,5
W,6.8,0.28,0.44,11.5,0.04,58.0,223.0,0.9969,3.22,0.56,9.5,6
W,7.3,0.22,0.4,14.75,0.042,44.5,129.5,0.9998,3.36,0.41,9.1,7
W,5.6,0.225,0.24,9.8,0.054000000000000006,59.0,140.0,0.99545,3.17,0.39,10.2,6
W,6.1,0.22,0.38,2.8,0.14400000000000002,12.0,65.0,0.9908,2.95,0.64,11.4,6
R,7.5,0.61,0.2,1.7,0.076,36.0,60.0,0.9949399999999999,3.1,0.4,9.3,5
W,7.3,0.205,0.31,1.7,0.06,34.0,110.0,0.9963,3.72,0.69,10.5,6
W,6.4,0.19,0.42,2.9,0.032,32.0,83.0,0.9908,3.3,0.41,11.7,6
W,6.2,0.26,0.37,7.1,0.047,54.0,201.0,0.99523,3.19,0.48,9.5,6
W,7.0,0.16,0.26,6.85,0.047,30.0,220.0,0.9962200000000001,3.38,0.58,10.1,6
W,10.0,0.91,0.42,1.6,0.055999999999999994,34.0,181.0,0.9968,3.11,0.46,10.0,5
W,8.0,0.55,0.42,12.6,0.21100000000000002,37.0,213.0,0.9988,2.99,0.56,9.3,5
W,6.8,0.3,0.26,20.3,0.037000000000000005,45.0,150.0,0.9972700000000001,3.04,0.38,12.3,6
R,7.7,0.39,0.12,1.7,0.09699999999999999,19.0,27.0,0.9959600000000001,3.16,0.49,9.4,5
W,7.3,0.26,0.31,1.6,0.04,39.0,173.0,0.9918,3.19,0.51,11.4,6
W,7.5,0.38,0.56,9.7,0.055,15.0,170.0,0.99605,3.13,0.65,9.9,5
W,7.8,0.3,0.29,16.85,0.054000000000000006,23.0,135.0,0.9998,3.16,0.38,9.0,6
W,7.0,0.28,0.39,8.7,0.051,32.0,141.0,0.9961,3.38,0.53,10.5,6
W,7.6,0.32,0.34,18.35,0.054000000000000006,44.0,197.0,1.0008,3.22,0.55,9.0,5
W,6.8,0.3,0.35,2.8,0.038,10.0,164.0,0.9912,3.09,0.53,12.0,6
W,7.3,0.26,0.49,5.0,0.027999999999999997,32.0,107.0,0.9936,3.24,0.54,10.8,6
R,7.0,0.62,0.1,1.4,0.071,27.0,63.0,0.996,3.28,0.61,9.2,5
W,7.2,0.34,0.3,8.4,0.051,40.0,167.0,0.99756,3.48,0.62,9.7,5
W,7.0,0.24,0.35,1.0,0.032,42.0,104.0,0.98988,3.16,0.37,11.7,6
W,5.3,0.31,0.38,10.5,0.031,53.0,140.0,0.99321,3.34,0.46,11.7,6
W,6.4,0.34,0.1,1.1,0.048,19.0,84.0,0.9927,3.21,0.38,9.8,5
R,9.6,0.42,0.35,2.1,0.083,17.0,38.0,0.9962200000000001,3.23,0.66,11.1,6
W,6.0,0.41,0.05,1.5,0.063,17.0,120.0,0.9932,3.21,0.56,9.2,5
W,7.4,0.18,0.3,10.4,0.045,44.0,174.0,0.9966,3.11,0.57,9.7,6
W,7.4,0.2,0.37,16.95,0.048,43.0,190.0,0.9995,3.03,0.42,9.2,6
W,8.5,0.23,0.34,1.3,0.035,54.0,110.0,0.9917600000000001,3.07,0.55,11.0,6
W,6.3,0.24,0.74,1.4,0.172,24.0,108.0,0.9932,3.27,0.39,9.9,6
W,8.2,0.42,0.29,4.1,0.03,31.0,100.0,0.9911,3.0,0.32,12.8,7
R,7.3,0.33,0.47,2.1,0.077,5.0,11.0,0.9958,3.33,0.53,10.3,6
W,6.6,0.45,0.43,7.2,0.064,31.0,186.0,0.9954,3.12,0.44,9.4,5
W,6.7,0.46,0.27,5.2,0.039,35.0,96.0,0.99129,3.16,0.44,12.4,7
W,4.8,0.225,0.38,1.2,0.07400000000000001,47.0,130.0,0.9913200000000001,3.31,0.4,10.3,6
W,6.6,0.28,0.28,8.5,0.052000000000000005,55.0,211.0,0.9962,3.09,0.55,8.9,5
R,7.5,0.55,0.24,2.0,0.078,10.0,28.0,0.9983,3.45,0.78,9.5,6
W,6.6,0.16,0.21,6.7,0.055,43.0,157.0,0.99384,3.15,0.52,10.8,6
W,7.3,0.27,0.39,6.7,0.064,28.0,188.0,0.9958,3.29,0.3,9.7,5
R,7.9,0.32,0.51,1.8,0.341,17.0,56.0,0.9969,3.04,1.08,9.2,5
W,9.2,0.71,0.23,6.2,0.042,15.0,93.0,0.9948,2.89,0.34,10.1,5
W,7.1,0.17,0.43,1.3,0.023,33.0,132.0,0.99067,3.11,0.56,11.7,6
W,6.8,0.27,0.26,16.1,0.049,55.0,196.0,0.9984,3.15,0.5,9.3,5
R,9.7,0.66,0.34,2.6,0.094,12.0,88.0,0.9979600000000001,3.26,0.66,10.1,5
W,6.4,0.23,0.35,4.6,0.039,43.0,147.0,0.99216,3.18,0.4,11.0,7
W,9.4,0.16,0.3,1.4,0.042,26.0,176.0,0.9954,3.15,0.46,9.1,6
W,7.8,0.42,0.26,9.2,0.057999999999999996,34.0,199.0,0.9972,3.14,0.55,9.3,5
R,8.0,0.725,0.24,2.8,0.083,10.0,62.0,0.99685,3.35,0.56,10.0,5
W,7.2,0.23,0.33,12.7,0.049,50.0,183.0,0.9987,3.41,0.4,9.8,6
R,7.9,0.6,0.06,1.6,0.069,15.0,59.0,0.9964,3.3,0.46,9.4,5
W,5.9,0.36,0.41,1.3,0.047,45.0,104.0,0.9917,3.33,0.51,10.6,6
W,7.0,0.27,0.36,20.7,0.045,45.0,170.0,1.001,3.0,0.45,8.8,6
R,8.2,0.28,0.4,2.4,0.052000000000000005,4.0,10.0,0.99356,3.33,0.7,12.8,7
W,6.6,0.27,0.33,1.4,0.042,24.0,183.0,0.99215,3.29,0.46,10.7,5
W,6.4,0.33,0.28,4.0,0.04,24.0,81.0,0.9903,3.26,0.64,12.6,7
W,6.3,0.15,0.34,11.4,0.05,25.0,96.0,0.99754,3.21,0.49,10.0,6
W,6.7,0.16,0.34,1.6,0.026000000000000002,27.0,109.0,0.9934,3.34,0.58,10.1,6
R,9.2,0.54,0.31,2.3,0.11199999999999999,11.0,38.0,0.9969899999999999,3.24,0.56,10.9,5
W,7.1,0.25,0.49,3.0,0.03,30.0,96.0,0.9903,3.13,0.39,12.3,6
W,7.8,0.26,0.44,1.3,0.037000000000000005,43.0,132.0,0.9944,3.18,0.65,10.0,6
W,7.5,0.18,0.39,1.9,0.054000000000000006,23.0,91.0,0.9941,3.27,0.45,10.3,6
R,7.0,0.43,0.3,2.0,0.085,6.0,39.0,0.99346,3.33,0.46,11.9,6
R,6.0,0.54,0.06,1.8,0.05,38.0,89.0,0.99236,3.3,0.5,10.55,6
W,8.1,0.24,0.38,4.3,0.044000000000000004,49.0,172.0,0.996,3.37,0.74,10.8,6
R,7.7,0.775,0.42,1.9,0.092,8.0,86.0,0.9959,3.23,0.59,9.5,5
W,6.6,0.25,0.36,8.1,0.045,54.0,180.0,0.9958,3.08,0.42,9.2,5
W,7.1,0.24,0.41,17.8,0.046,39.0,145.0,0.9998,3.32,0.39,8.7,5
W,6.6,0.21,0.29,5.35,0.028999999999999998,43.0,106.0,0.9911200000000001,2.93,0.43,11.5,7
W,7.1,0.26,0.19,8.2,0.051,53.0,187.0,0.996,3.16,0.52,9.7,5
W,7.3,0.25,0.36,13.1,0.05,35.0,200.0,0.9986,3.04,0.46,8.9,7
W,6.8,0.21,0.26,11.7,0.038,61.0,152.0,0.99523,3.02,0.56,10.5,6
W,6.4,0.32,0.25,5.0,0.055,28.0,138.0,0.9917100000000001,3.27,0.5,12.4,6
R,6.3,0.51,0.13,2.3,0.076,29.0,40.0,0.99574,3.42,0.75,11.0,6
W,5.4,0.24,0.18,2.3,0.05,22.0,145.0,0.9920700000000001,3.24,0.46,10.3,6
W,5.8,0.3,0.38,4.9,0.039,22.0,86.0,0.9896299999999999,3.23,0.58,13.1,7
W,6.4,0.24,0.32,0.95,0.040999999999999995,23.0,131.0,0.9903299999999999,3.25,0.35,11.8,6
W,6.8,0.19,0.71,17.5,0.042,21.0,114.0,0.99784,2.85,0.5,9.5,6
R,7.0,0.54,0.09,2.0,0.081,10.0,16.0,0.99479,3.43,0.59,11.5,6
R,8.2,0.73,0.21,1.7,0.07400000000000001,5.0,13.0,0.9968,3.2,0.52,9.5,5
W,7.8,0.16,0.41,1.7,0.026000000000000002,29.0,140.0,0.991,3.02,0.78,12.5,6
W,6.4,0.21,0.5,11.6,0.042,45.0,153.0,0.9972,3.15,0.43,8.8,5
R,9.2,0.41,0.5,2.5,0.055,12.0,25.0,0.9952,3.34,0.79,13.3,7
W,7.3,0.22,0.3,8.2,0.047,42.0,207.0,0.9966,3.33,0.46,9.5,6
W,5.8,0.23,0.31,4.5,0.046,42.0,124.0,0.99324,3.31,0.64,10.8,6
R,11.3,0.34,0.45,2.0,0.08199999999999999,6.0,15.0,0.9988,2.94,0.66,9.2,6
W,6.3,0.24,0.55,8.1,0.04,67.0,216.0,0.9959600000000001,3.24,0.5,9.2,6
W,6.9,0.33,0.21,1.0,0.053,39.0,148.0,0.9927,3.12,0.45,9.4,6
R,8.8,0.48,0.41,3.3,0.092,26.0,52.0,0.9982,3.31,0.53,10.5,5
W,6.4,0.28,0.17,8.3,0.042,61.0,195.0,0.99577,3.22,0.46,9.4,5
R,9.9,0.54,0.45,2.3,0.071,16.0,40.0,0.9991,3.39,0.62,9.4,5
W,7.3,0.25,0.26,7.2,0.048,52.0,207.0,0.99587,3.12,0.37,9.2,5
W,7.6,0.38,0.28,4.2,0.028999999999999998,7.0,112.0,0.9906,3.0,0.41,12.6,6
W,6.9,0.29,0.3,8.2,0.026000000000000002,35.0,112.0,0.99144,3.0,0.37,12.3,6
W,8.0,0.23,0.37,9.6,0.054000000000000006,23.0,159.0,0.99795,3.32,0.47,9.8,6
R,10.7,0.35,0.53,2.6,0.07,5.0,16.0,0.9972,3.15,0.65,11.0,6
W,6.7,0.34,0.31,16.4,0.051,20.0,146.0,0.99834,3.06,0.54,9.1,5
W,6.8,0.26,0.4,7.5,0.046,45.0,179.0,0.9958299999999999,3.2,0.49,9.3,5
R,5.2,0.48,0.04,1.6,0.054000000000000006,19.0,106.0,0.9927,3.54,0.62,12.2,6
W,6.4,0.37,0.37,4.85,0.040999999999999995,39.5,216.5,0.9943200000000001,3.1,0.5,9.8,5
W,7.6,0.13,0.34,9.3,0.062,40.0,126.0,0.9966,3.21,0.39,9.6,6
W,6.8,0.26,0.24,1.9,0.043,70.0,154.0,0.9927299999999999,3.18,0.52,10.5,6
W,7.5,0.27,0.31,17.7,0.051,33.0,173.0,0.9990000000000001,3.09,0.64,10.2,5
W,7.5,0.2,0.41,1.2,0.05,26.0,131.0,0.9913299999999999,3.19,0.52,11.1,6
W,8.2,0.3,0.44,12.4,0.043,52.0,154.0,0.9945200000000001,3.04,0.33,12.0,6
R,8.0,0.59,0.05,2.0,0.08900000000000001,12.0,32.0,0.99735,3.36,0.61,10.0,6
R,7.4,0.55,0.19,1.8,0.08199999999999999,15.0,34.0,0.99655,3.49,0.68,10.5,5
R,9.4,0.3,0.56,2.8,0.08,6.0,17.0,0.9964,3.15,0.92,11.7,7
W,7.7,0.34,0.27,8.8,0.063,39.0,184.0,0.9969,3.09,0.63,9.2,5
W,6.1,0.29,0.27,1.7,0.024,13.0,76.0,0.9893,3.21,0.51,12.6,6
W,7.0,0.27,0.29,3.9,0.059000000000000004,28.0,199.0,0.9961,3.54,0.59,10.3,6
R,7.2,0.36,0.46,2.1,0.07400000000000001,24.0,44.0,0.99534,3.4,0.85,11.0,7
W,7.1,0.25,0.39,2.1,0.036000000000000004,30.0,124.0,0.9908,3.28,0.43,12.2,7
W,6.4,0.33,0.24,1.6,0.054000000000000006,25.0,117.0,0.9943,3.36,0.5,9.3,5
W,6.0,0.25,0.4,5.7,0.052000000000000005,56.0,152.0,0.99398,3.16,0.88,10.5,6
W,7.2,0.23,0.39,2.3,0.033,29.0,102.0,0.9908,3.26,0.54,12.3,7
R,8.2,1.0,0.09,2.3,0.065,7.0,37.0,0.99685,3.32,0.55,9.0,6
W,6.5,0.26,0.43,8.9,0.083,50.0,171.0,0.9965,2.85,0.5,9.0,5
W,7.9,0.42,0.49,8.2,0.055999999999999994,32.0,164.0,0.9965,3.29,0.6,11.2,6
R,7.9,0.29,0.49,2.2,0.096,21.0,59.0,0.9971399999999999,3.31,0.67,10.1,6
R,8.3,0.6,0.25,2.2,0.11800000000000001,9.0,38.0,0.99616,3.15,0.53,9.8,5
W,5.8,0.2,0.24,1.4,0.033,65.0,169.0,0.9904299999999999,3.59,0.56,12.3,6
R,7.7,0.49,0.26,1.9,0.062,9.0,31.0,0.9966,3.39,0.64,9.6,5
W,10.7,0.22,0.56,8.2,0.044000000000000004,37.0,181.0,0.998,2.87,0.68,9.5,6
W,6.0,0.17,0.33,6.0,0.036000000000000004,30.0,111.0,0.9936200000000001,3.32,0.58,10.15,6
W,6.9,0.32,0.3,1.8,0.036000000000000004,28.0,117.0,0.99269,3.24,0.48,11.0,6
R,7.7,0.96,0.2,2.0,0.047,15.0,60.0,0.9955,3.36,0.44,10.9,5
W,6.5,0.36,0.36,6.7,0.185,51.5,151.0,0.9952799999999999,3.17,0.42,9.3,5
W,8.3,0.28,0.45,7.8,0.059000000000000004,32.0,139.0,0.9972,3.33,0.77,11.2,6
W,6.5,0.18,0.31,1.7,0.044000000000000004,30.0,127.0,0.9928,3.49,0.5,10.2,6
W,8.1,0.27,0.41,1.45,0.033,11.0,63.0,0.9908,2.99,0.56,12.0,6
W,6.7,0.3,0.29,2.8,0.025,37.0,107.0,0.99159,3.31,0.63,11.3,7
W,8.8,0.34,0.33,9.7,0.036000000000000004,46.0,172.0,0.9966,3.08,0.4,10.2,5
W,7.5,0.42,0.34,4.3,0.04,34.0,108.0,0.99155,3.14,0.45,12.8,7
W,8.2,0.28,0.42,1.8,0.031,30.0,93.0,0.9917,3.09,0.39,11.4,6
W,7.4,0.19,0.3,1.4,0.057,33.0,135.0,0.993,3.12,0.5,9.6,6
W,6.3,0.17,0.32,1.0,0.04,39.0,118.0,0.9888600000000001,3.31,0.4,13.1,6
W,5.4,0.29,0.38,1.2,0.028999999999999998,31.0,132.0,0.98895,3.28,0.36,12.4,6
R,9.1,0.29,0.33,2.05,0.063,13.0,27.0,0.99516,3.26,0.84,11.7,7
R,7.0,0.57,0.02,2.0,0.07200000000000001,17.0,26.0,0.99575,3.36,0.61,10.2,6
R,9.1,0.4,0.5,1.8,0.071,7.0,16.0,0.9946200000000001,3.21,0.69,12.5,7
W,7.4,0.31,0.28,1.6,0.05,33.0,137.0,0.9929,3.31,0.56,10.5,6
R,7.0,0.69,0.07,2.5,0.091,15.0,21.0,0.99572,3.38,0.6,11.3,6
R,11.1,0.31,0.49,2.7,0.094,16.0,47.0,0.9986,3.12,1.02,10.6,6
W,7.0,0.24,0.36,4.9,0.083,10.0,133.0,0.9942,3.33,0.37,10.8,6
W,7.0,0.35,0.24,1.9,0.04,21.0,144.0,0.9923,3.35,0.38,11.0,6
W,5.0,0.24,0.21,2.2,0.039,31.0,100.0,0.99098,3.69,0.62,11.7,6
W,7.8,0.4,0.49,7.8,0.06,34.0,162.0,0.9966,3.26,0.58,11.3,6
W,6.0,0.17,0.29,5.0,0.027999999999999997,25.0,108.0,0.9907600000000001,3.14,0.34,12.3,6
W,6.6,0.23,0.2,11.4,0.044000000000000004,45.0,131.0,0.9960399999999999,2.96,0.51,9.7,6
W,5.9,0.26,0.29,5.4,0.046,34.0,116.0,0.99224,3.24,0.41,11.4,6
W,5.5,0.3,0.25,1.9,0.028999999999999998,33.0,118.0,0.98972,3.36,0.66,12.5,7
W,6.8,0.23,0.33,1.9,0.047,20.0,101.0,0.9914,3.1,0.46,11.1,6
R,7.4,0.41,0.24,1.8,0.066,18.0,47.0,0.9956,3.37,0.62,10.4,6
W,5.6,0.18,0.29,2.3,0.04,5.0,47.0,0.99126,3.07,0.45,10.1,6
W,5.6,0.18,0.3,10.2,0.027999999999999997,28.0,131.0,0.9954,3.49,0.42,10.8,6
W,7.0,0.22,0.3,1.4,0.04,14.0,63.0,0.98985,3.2,0.33,12.0,6
W,6.1,0.33,0.32,7.8,0.052000000000000005,52.0,183.0,0.9965700000000001,3.39,0.65,9.5,5
W,6.6,0.22,0.23,17.3,0.047,37.0,118.0,0.9990600000000001,3.08,0.46,8.8,6
W,6.2,0.3,0.21,1.1,0.032,31.0,111.0,0.9889,2.97,0.42,12.2,6
W,6.6,0.14,0.44,1.6,0.042,47.0,140.0,0.993,3.32,0.51,10.2,6
W,9.2,0.23,0.35,10.7,0.037000000000000005,34.0,145.0,0.9981,3.09,0.32,9.7,6
W,6.8,0.18,0.28,9.8,0.039,29.0,113.0,0.99406,3.11,0.45,10.9,7
R,6.0,0.51,0.0,2.1,0.064,40.0,54.0,0.995,3.54,0.93,10.7,6
W,6.3,0.27,0.18,7.7,0.048,45.0,186.0,0.9962,3.23,0.47,9.0,5
W,7.4,0.16,0.27,15.5,0.05,25.0,135.0,0.9984,2.9,0.43,8.7,7
R,9.0,0.39,0.4,1.3,0.044000000000000004,25.0,50.0,0.9947799999999999,3.2,0.83,10.9,6
R,7.1,0.715,0.0,2.35,0.071,21.0,47.0,0.9963200000000001,3.29,0.45,9.4,5
W,6.0,0.33,0.2,1.8,0.031,49.0,159.0,0.9919,3.41,0.53,11.0,6
W,7.0,0.3,0.28,2.2,0.042,21.0,177.0,0.99166,3.2,0.57,11.4,6
R,9.1,0.785,0.0,2.6,0.09300000000000001,11.0,28.0,0.9994,3.36,0.86,9.4,6
R,7.2,0.645,0.0,1.9,0.09699999999999999,15.0,39.0,0.99675,3.37,0.58,9.2,6
W,7.3,0.18,0.29,1.0,0.036000000000000004,26.0,101.0,0.99,3.09,0.37,11.7,6
R,10.9,0.32,0.52,1.8,0.132,17.0,44.0,0.99734,3.28,0.77,11.5,6
W,6.4,0.22,0.38,9.1,0.044000000000000004,35.0,127.0,0.99326,2.97,0.3,11.0,7
W,6.7,0.24,0.35,13.1,0.05,64.0,205.0,0.997,3.15,0.5,9.5,6
W,7.2,0.615,0.1,1.4,0.068,25.0,154.0,0.9949899999999999,3.2,0.48,9.7,5
W,6.9,0.23,0.38,8.3,0.047,47.0,162.0,0.9954,3.34,0.52,10.5,6
R,6.5,0.46,0.14,2.4,0.114,9.0,37.0,0.9973200000000001,3.66,0.65,9.8,5
R,10.5,0.59,0.49,2.1,0.07,14.0,47.0,0.9991,3.3,0.56,9.6,5
R,7.0,0.54,0.0,2.1,0.079,39.0,55.0,0.9956,3.39,0.84,11.4,6
W,4.8,0.34,0.0,6.5,0.027999999999999997,33.0,163.0,0.9939,3.36,0.61,9.9,5
W,6.2,0.34,0.28,7.5,0.034,40.0,197.0,0.99485,3.14,0.6,9.7,6
R,7.1,0.69,0.08,2.1,0.063,42.0,52.0,0.99608,3.42,0.6,10.2,5
W,6.7,0.24,0.41,8.7,0.036000000000000004,29.0,148.0,0.9952,3.22,0.62,9.9,6
W,7.0,0.17,0.42,1.0,0.075,19.0,71.0,0.99103,3.32,0.62,11.4,6
W,7.2,0.31,0.5,13.3,0.055999999999999994,68.0,195.0,0.9982,3.01,0.47,9.2,5
W,6.7,0.2,0.41,9.1,0.044000000000000004,50.0,166.0,0.9954,3.14,0.58,9.8,6
R,9.2,0.63,0.21,2.7,0.09699999999999999,29.0,65.0,0.9988,3.28,0.58,9.6,5
W,7.4,0.19,0.3,12.8,0.053,48.5,229.0,0.9986,3.14,0.49,9.1,7
W,7.9,0.28,0.41,4.9,0.057999999999999996,31.0,153.0,0.9966,3.27,0.51,9.7,5
W,6.6,0.38,0.36,9.2,0.061,42.0,214.0,0.9976,3.31,0.56,9.4,5
W,5.4,0.415,0.19,1.6,0.039,27.0,88.0,0.99265,3.54,0.41,10.0,6
W,6.7,0.41,0.24,5.4,0.035,33.0,115.0,0.9901,3.12,0.44,12.8933333333333,7
W,5.0,0.235,0.27,11.75,0.03,34.0,118.0,0.9954,3.07,0.5,9.4,6
W,7.2,0.29,0.4,7.6,0.024,56.0,177.0,0.9928,3.04,0.32,11.5,6
W,6.0,0.19,0.29,1.2,0.046,29.0,92.0,0.9903299999999999,3.22,0.53,11.3,6
W,6.0,0.35,0.46,0.9,0.033,9.0,65.0,0.98934,3.24,0.35,12.1,6
W,6.9,0.32,0.15,8.1,0.046,51.0,180.0,0.9958,3.13,0.45,8.9,5
R,7.4,0.47,0.46,2.2,0.114,7.0,20.0,0.9964700000000001,3.32,0.63,10.5,6
W,7.5,0.18,0.37,6.2,0.05,21.0,138.0,0.99546,3.2,0.55,10.5,6
W,6.7,0.48,0.49,2.9,0.03,28.0,122.0,0.98926,3.13,0.4,13.0,6
W,6.6,0.23,0.32,1.7,0.024,26.0,102.0,0.9908399999999999,3.29,0.6,11.8,7
W,6.4,0.28,0.56,1.7,0.156,49.0,106.0,0.99354,3.1,0.37,9.2,6
W,6.8,0.19,0.71,17.5,0.042,21.0,114.0,0.99784,2.85,0.5,9.5,6
W,6.8,0.15,0.41,12.9,0.044000000000000004,79.5,182.0,0.9974200000000001,3.24,0.78,10.2,6
R,6.4,0.42,0.09,2.3,0.054000000000000006,34.0,64.0,0.99724,3.41,0.68,10.4,6
W,7.1,0.28,0.19,7.8,0.04,48.0,184.0,0.99579,3.16,0.5,9.4,5
W,8.2,0.23,0.4,7.5,0.049,12.0,76.0,0.9966,3.06,0.84,9.7,5
R,6.6,0.895,0.04,2.3,0.068,7.0,13.0,0.99582,3.53,0.58,10.8,5
R,7.9,0.58,0.23,2.3,0.076,23.0,94.0,0.9968600000000001,3.21,0.58,9.5,5
W,7.9,0.64,0.46,10.6,0.244,33.0,227.0,0.9983,2.87,0.74,9.1,5
W,6.2,0.21,0.26,13.1,0.05,59.0,150.0,0.99772,3.31,0.46,9.0,6
W,6.0,0.28,0.29,19.3,0.051,36.0,174.0,0.99911,3.14,0.5,9.0,5
W,7.0,0.24,0.3,6.7,0.039,37.0,125.0,0.99436,3.2,0.39,9.9,6
W,7.4,0.29,0.48,12.8,0.037000000000000005,61.5,182.0,0.99808,3.02,0.34,8.8,5
W,7.0,0.17,0.74,12.8,0.045,24.0,126.0,0.9942,3.26,0.38,12.2,6
W,6.9,0.38,0.25,9.8,0.04,28.0,191.0,0.9971,3.28,0.61,9.2,5
W,6.1,0.17,0.28,2.5,0.027999999999999997,22.0,98.0,0.99072,3.16,0.37,11.1,6
R,7.2,0.34,0.24,2.0,0.071,30.0,52.0,0.9957600000000001,3.44,0.58,10.1,6
W,5.6,0.41,0.24,1.9,0.034,10.0,53.0,0.98815,3.32,0.5,13.5,6
W,7.4,0.25,0.49,1.1,0.042,35.0,156.0,0.9917,3.13,0.55,11.3,6
W,6.0,0.27,0.28,4.8,0.063,31.0,201.0,0.9964,3.69,0.71,10.0,5
W,7.7,0.23,0.31,10.7,0.038,59.0,186.0,0.9969,3.12,0.55,9.5,6
W,6.5,0.37,0.33,3.5,0.036000000000000004,23.0,92.0,0.99136,3.18,0.38,11.2,6
W,5.9,0.37,0.14,6.3,0.036000000000000004,34.0,185.0,0.9944,3.17,0.63,9.8,5
W,8.8,0.35,0.49,1.0,0.036000000000000004,14.0,56.0,0.992,2.96,0.33,10.5,5
R,8.8,0.7,0.0,1.7,0.069,8.0,19.0,0.9970100000000001,3.31,0.53,10.0,5
W,7.6,0.19,0.41,1.1,0.04,38.0,143.0,0.9907,2.92,0.42,11.4,6
W,6.4,0.25,0.74,7.8,0.045,52.0,209.0,0.9956,3.21,0.42,9.2,6
W,6.9,0.17,0.22,4.6,0.064,55.0,152.0,0.9952,3.29,0.37,9.3,5
R,11.3,0.36,0.66,2.4,0.12300000000000001,3.0,8.0,0.9964200000000001,3.2,0.53,11.9,6
R,8.1,0.87,0.0,2.2,0.084,10.0,31.0,0.99656,3.25,0.5,9.8,5
W,6.4,0.24,0.22,1.5,0.038,38.0,157.0,0.9934,3.41,0.55,9.9,6
W,6.6,0.285,0.49,11.4,0.035,57.0,137.0,0.9973200000000001,3.08,0.54,8.9,6
W,7.3,0.28,0.37,1.2,0.039,26.0,99.0,0.99198,3.01,0.62,10.8,6
R,10.9,0.21,0.49,2.8,0.08800000000000001,11.0,32.0,0.9972,3.22,0.68,11.7,6
W,7.0,0.12,0.28,6.3,0.057,17.0,103.0,0.9957,3.5,0.44,9.6,6
W,6.0,0.35,0.51,1.2,0.028999999999999998,10.0,102.0,0.9903,3.46,0.42,11.9,6
W,7.4,0.16,0.27,15.5,0.05,25.0,135.0,0.9984,2.9,0.43,8.7,7
R,7.4,0.62,0.05,1.9,0.068,24.0,42.0,0.9961,3.42,0.57,11.5,6
W,6.6,0.3,0.24,1.2,0.034,17.0,121.0,0.9933,3.13,0.36,9.2,5
R,9.0,0.36,0.52,2.1,0.111,5.0,10.0,0.9956799999999999,3.31,0.62,11.3,6
R,7.8,0.56,0.19,1.8,0.10400000000000001,12.0,47.0,0.9964,3.19,0.93,9.5,5
W,7.3,0.28,0.42,14.4,0.04,49.0,173.0,0.9994,3.28,0.82,9.0,6
W,6.2,0.44,0.18,7.7,0.096,28.0,210.0,0.99771,3.56,0.72,9.2,5
W,6.3,0.15,0.3,1.4,0.022000000000000002,38.0,100.0,0.9909899999999999,3.42,0.57,11.4,7
W,6.7,0.42,0.39,12.1,0.04,61.0,248.0,0.9979399999999999,3.31,0.58,9.7,5
W,7.1,0.26,0.32,16.2,0.044000000000000004,31.0,170.0,0.99644,3.17,0.37,11.2,6
W,6.3,0.21,0.4,1.7,0.031,48.0,134.0,0.9917,3.42,0.49,11.5,6
W,7.8,0.19,0.32,7.4,0.015,47.0,124.0,0.9927799999999999,2.99,0.39,11.0,6
W,6.9,0.22,0.28,7.8,0.05,43.0,116.0,0.99326,3.22,0.6,11.5,6
R,13.4,0.27,0.62,2.6,0.08199999999999999,6.0,21.0,1.0002,3.16,0.67,9.7,6
W,6.6,0.33,0.24,16.05,0.045,31.0,147.0,0.9982200000000001,3.08,0.52,9.2,5
W,8.2,0.21,0.32,10.65,0.053,53.0,145.0,0.9972,3.17,0.48,10.2,6
W,7.0,0.29,0.33,0.9,0.040999999999999995,20.0,117.0,0.9904799999999999,3.21,0.5,11.4,6
W,7.6,0.29,0.58,17.5,0.040999999999999995,51.0,225.0,0.9997,3.16,0.66,9.5,5
R,6.6,0.58,0.02,2.0,0.062,37.0,53.0,0.99374,3.35,0.76,11.6,6
W,5.9,0.2,0.23,1.5,0.037000000000000005,38.0,93.0,0.99021,3.36,0.49,12.0,6
W,6.9,0.16,0.35,1.3,0.043,21.0,182.0,0.9927,3.25,0.62,10.8,6
R,12.3,0.39,0.63,2.3,0.091,6.0,18.0,1.0004,3.16,0.49,9.5,5
W,6.2,0.76,0.01,3.2,0.040999999999999995,18.0,120.0,0.99026,3.2,0.94,13.7,6
W,6.2,0.36,0.27,3.2,0.032,13.0,73.0,0.9894200000000001,2.9,0.69,12.6,6
W,6.4,0.3,0.45,3.5,0.19699999999999998,76.0,180.0,0.9942,3.02,0.39,9.1,5
W,7.6,0.48,0.28,10.4,0.049,57.0,205.0,0.9974799999999999,3.24,0.45,9.3,5
W,7.4,0.33,0.26,15.6,0.049,67.0,210.0,0.9990700000000001,3.06,0.68,9.5,5
W,9.4,0.29,0.55,2.2,0.05,17.0,119.0,0.9962,3.12,0.69,10.3,5
W,7.0,0.36,0.32,10.05,0.045,37.0,131.0,0.9935200000000001,3.09,0.33,11.7,6
R,6.3,0.36,0.19,3.2,0.075,15.0,39.0,0.9956,3.56,0.52,12.7,6
W,6.0,0.27,0.27,1.6,0.046,32.0,113.0,0.9924,3.41,0.51,10.5,6
W,5.6,0.18,0.27,1.7,0.03,31.0,103.0,0.98892,3.35,0.37,12.9,7
W,7.2,0.39,0.62,11.0,0.047,66.0,178.0,0.9976,3.16,0.5,8.7,5
R,12.2,0.48,0.54,2.6,0.085,19.0,64.0,1.0,3.1,0.61,10.5,6
W,6.2,0.23,0.23,1.2,0.018000000000000002,18.0,128.0,0.9917799999999999,3.05,0.28,10.6,6
W,7.6,0.17,0.36,4.5,0.042,26.0,102.0,0.9942700000000001,3.09,0.47,9.5,6
W,7.7,0.16,0.41,1.7,0.048,60.0,173.0,0.9932,3.24,0.66,11.2,6
R,8.3,0.31,0.39,2.4,0.078,17.0,43.0,0.99444,3.31,0.77,12.5,7
W,7.1,0.32,0.34,14.5,0.039,46.0,150.0,0.995,3.38,0.5,12.5,6
R,8.9,0.75,0.14,2.5,0.086,9.0,30.0,0.99824,3.34,0.64,10.5,5
R,11.9,0.43,0.66,3.1,0.109,10.0,23.0,1.0,3.15,0.85,10.4,6
R,8.2,0.6,0.17,2.3,0.07200000000000001,11.0,73.0,0.9963,3.2,0.45,9.3,5
W,7.1,0.26,0.34,14.4,0.067,35.0,189.0,0.9986,3.07,0.53,9.1,7
R,9.9,0.5,0.5,13.8,0.205,48.0,82.0,1.00242,3.16,0.75,8.8,5
W,7.4,0.38,0.27,7.5,0.040999999999999995,24.0,160.0,0.99535,3.17,0.43,10.0,6
W,5.4,0.45,0.27,6.4,0.033,20.0,102.0,0.98944,3.22,0.27,13.4,7
W,6.3,0.25,0.44,11.6,0.040999999999999995,48.0,195.0,0.9968,3.18,0.52,9.5,6
W,5.9,0.2,0.28,1.0,0.043,45.0,100.0,0.9903299999999999,3.4,0.41,11.4,6
W,6.1,0.25,0.24,12.1,0.046,51.0,172.0,0.998,3.35,0.45,9.5,5
R,7.1,0.27,0.6,2.1,0.07400000000000001,17.0,25.0,0.9981399999999999,3.38,0.72,10.6,6
W,7.4,0.27,0.49,1.1,0.037000000000000005,33.0,156.0,0.992,3.15,0.54,11.1,6
R,7.0,0.58,0.28,4.8,0.085,12.0,69.0,0.9963299999999999,3.32,0.7,11.0,5
W,7.6,0.17,0.27,4.6,0.05,23.0,98.0,0.9942200000000001,3.08,0.47,9.5,6
W,7.4,0.34,0.3,14.9,0.037000000000000005,70.0,169.0,0.99698,3.25,0.37,10.4,6
W,6.7,0.35,0.48,8.8,0.055999999999999994,35.0,167.0,0.9962799999999999,3.04,0.47,9.4,5
W,6.1,0.125,0.25,3.3,0.04,10.0,69.0,0.9934,3.54,0.59,10.1,6
W,6.0,0.2,0.32,3.0,0.031,26.0,118.0,0.99134,3.38,0.68,11.2,7
W,5.2,0.36,0.02,1.6,0.031,24.0,104.0,0.9896,3.44,0.35,12.2,7
R,7.2,0.34,0.32,2.5,0.09,43.0,113.0,0.9966,3.32,0.79,11.1,5
W,7.2,0.24,0.29,3.0,0.036000000000000004,17.0,117.0,0.99411,3.36,0.68,10.1,6
W,6.1,0.27,0.32,1.1,0.034,24.0,110.0,0.9898,3.36,0.4,12.5,6
W,6.0,0.34,0.24,5.4,0.06,23.0,126.0,0.9951,3.25,0.44,9.0,5
W,6.5,0.24,0.28,1.1,0.034,26.0,83.0,0.9892799999999999,3.25,0.33,12.3,6
W,6.0,0.42,0.41,12.4,0.032,50.0,179.0,0.9962200000000001,3.14,0.6,9.7,6
W,8.9,0.13,0.49,1.0,0.027999999999999997,6.0,24.0,0.9926,2.91,0.32,9.9,5
R,6.7,0.32,0.44,2.4,0.061,24.0,34.0,0.99484,3.29,0.8,11.6,6
W,6.9,0.26,0.29,4.2,0.043,33.0,114.0,0.9902,3.16,0.31,12.5,6
W,6.1,0.41,0.2,12.6,0.032,54.0,136.0,0.99516,2.91,0.43,10.6,6
W,6.4,0.41,0.01,6.1,0.048,20.0,70.0,0.9936200000000001,3.19,0.42,10.0,5
W,7.0,0.3,0.51,13.6,0.05,40.0,168.0,0.9976,3.07,0.52,9.6,5
W,7.7,0.28,0.33,6.7,0.037000000000000005,32.0,155.0,0.9951,3.39,0.62,10.7,6
W,6.6,0.27,0.25,1.2,0.033,36.0,111.0,0.98918,3.16,0.37,12.4,6
W,7.9,0.18,0.36,5.9,0.057999999999999996,31.0,132.0,0.995,3.25,0.52,10.9,6
W,7.0,0.25,0.45,2.3,0.045,40.0,118.0,0.99064,3.16,0.48,11.9,7
R,6.1,0.21,0.4,1.4,0.066,40.5,165.0,0.9912,3.25,0.59,11.9,6
W,6.8,0.3,0.35,2.8,0.038,10.0,164.0,0.9912,3.09,0.53,12.0,6
W,7.8,0.28,0.34,1.6,0.027999999999999997,32.0,118.0,0.9901,3.0,0.38,12.1,7
W,5.7,0.25,0.32,12.2,0.040999999999999995,43.0,127.0,0.99524,3.23,0.53,10.4,6
R,6.8,0.48,0.08,1.8,0.07400000000000001,40.0,64.0,0.99529,3.12,0.49,9.6,5
W,6.6,0.37,0.47,6.5,0.061,23.0,150.0,0.9954,3.14,0.45,9.6,5
W,6.4,0.45,0.07,1.1,0.03,10.0,131.0,0.9905,2.97,0.28,10.8,5
W,6.6,0.18,0.28,1.7,0.040999999999999995,53.0,161.0,0.9920700000000001,3.13,0.45,10.2,6
W,6.3,0.27,0.18,7.7,0.048,45.0,186.0,0.9962,3.23,0.47,9.0,5
W,5.7,0.26,0.27,4.1,0.201,73.5,189.5,0.9942,3.27,0.38,9.4,6
W,6.6,0.27,0.25,3.1,0.052000000000000005,41.0,188.0,0.9915,3.24,0.4,11.3,6
W,7.2,0.29,0.2,7.7,0.046,51.0,174.0,0.99582,3.16,0.52,9.5,5
W,7.3,0.4,0.24,6.7,0.057999999999999996,41.0,166.0,0.995,3.2,0.41,9.9,6
W,6.9,0.38,0.32,8.5,0.044000000000000004,36.0,152.0,0.9932,3.38,0.35,12.0,6
W,9.2,0.19,0.42,2.0,0.047,16.0,104.0,0.9951700000000001,3.09,0.66,10.0,5
W,6.6,0.31,0.07,1.5,0.033,55.0,144.0,0.99208,3.16,0.42,10.0,5
W,5.8,0.17,0.34,1.8,0.045,96.0,170.0,0.99035,3.38,0.9,11.8,8
W,6.5,0.28,0.33,15.7,0.053,51.0,190.0,0.9978,3.22,0.51,9.7,5
W,6.5,0.28,0.27,5.2,0.04,44.0,179.0,0.9948,3.19,0.69,9.4,6
W,7.4,0.37,0.35,5.7,0.061,12.0,94.0,0.9965,3.48,0.69,10.7,5
W,7.4,0.2,1.66,2.1,0.022000000000000002,34.0,113.0,0.99165,3.26,0.55,12.2,6
R,6.2,0.56,0.09,1.7,0.053,24.0,32.0,0.9940200000000001,3.54,0.6,11.3,6
W,7.2,0.22,0.28,7.2,0.06,41.0,132.0,0.9935,3.08,0.59,11.3,6
W,9.4,0.28,0.3,1.6,0.045,36.0,139.0,0.99534,3.11,0.49,9.3,5
R,8.6,0.8,0.11,2.3,0.084,12.0,31.0,0.9979,3.4,0.48,9.9,5
R,10.1,0.38,0.5,2.4,0.10400000000000001,6.0,13.0,0.9964299999999999,3.22,0.65,11.6,6
W,6.0,0.28,0.49,6.8,0.048,61.0,222.0,0.9953,3.19,0.47,9.3,5
W,6.8,0.32,0.23,3.3,0.026000000000000002,31.0,99.0,0.9896,3.1,0.4,12.4,7
W,8.4,0.2,0.38,11.8,0.055,51.0,170.0,1.0004,3.34,0.82,8.9,6
W,8.0,0.14,0.49,1.5,0.035,42.0,120.0,0.9928,3.26,0.4,10.6,6
R,6.6,0.57,0.02,2.1,0.115,6.0,16.0,0.99654,3.38,0.69,9.5,6
R,13.8,0.49,0.67,3.0,0.09300000000000001,6.0,15.0,0.9986,3.02,0.93,12.0,7
W,7.2,0.33,0.22,4.5,0.031,10.0,73.0,0.9907600000000001,2.97,0.52,12.2,6
W,6.6,0.42,0.33,2.8,0.034,15.0,85.0,0.99,3.28,0.51,13.4,6
W,7.6,0.2,0.68,12.9,0.042,56.0,160.0,0.99841,3.05,0.41,8.7,5
W,6.4,0.24,0.25,20.2,0.083,35.0,157.0,0.99976,3.17,0.5,9.1,5
W,8.1,0.27,0.35,1.7,0.03,38.0,103.0,0.99255,3.22,0.63,10.4,6
R,7.2,0.695,0.13,2.0,0.076,12.0,20.0,0.99546,3.29,0.54,10.1,5
R,6.2,0.36,0.24,2.2,0.095,19.0,42.0,0.9946,3.57,0.57,11.7,6
W,6.7,0.27,0.69,1.2,0.17600000000000002,36.0,106.0,0.9928799999999999,2.96,0.43,9.2,6
W,6.2,0.24,0.27,2.9,0.039,30.0,123.0,0.98959,3.12,0.37,12.8,7
W,6.7,0.53,0.29,4.3,0.069,20.0,114.0,0.9901399999999999,3.22,0.59,13.4,6
W,7.7,0.35,0.46,11.8,0.08800000000000001,61.0,183.0,0.9978600000000001,2.86,0.47,9.0,5
W,7.1,0.28,0.28,8.5,0.03,25.0,191.0,0.9933799999999999,3.16,0.46,12.2,6
R,9.0,0.8,0.12,2.4,0.083,8.0,28.0,0.99836,3.33,0.65,10.4,6
W,6.3,0.22,0.57,1.4,0.20800000000000002,14.0,96.0,0.9932,3.16,0.43,10.0,6
W,6.6,0.15,0.34,5.1,0.055,34.0,125.0,0.9942,3.36,0.42,9.6,6
W,7.4,0.33,0.26,2.6,0.04,29.0,115.0,0.9913,3.07,0.52,11.8,6
W,7.0,0.16,0.73,1.0,0.138,58.0,150.0,0.9936,3.08,0.3,9.2,6
W,7.4,0.27,0.26,11.8,0.053,55.0,173.0,0.9969899999999999,3.11,0.6,9.8,5
R,7.5,0.6,0.03,1.8,0.095,25.0,99.0,0.995,3.35,0.54,10.1,5
W,7.2,0.23,0.39,14.2,0.057999999999999996,49.0,192.0,0.9979,2.98,0.48,9.0,7
R,8.5,0.4,0.4,6.3,0.05,3.0,10.0,0.99566,3.28,0.56,12.0,6
W,8.1,0.31,0.24,1.6,0.032,10.0,67.0,0.9924,3.08,0.47,10.5,5
W,7.1,0.37,0.67,10.5,0.045,49.0,155.0,0.9975,3.16,0.44,8.7,5
W,7.6,0.26,0.32,1.3,0.048,23.0,76.0,0.9903,2.96,0.46,12.0,6
W,6.4,0.3,0.38,7.8,0.046,35.0,192.0,0.9955,3.1,0.37,9.0,5
W,6.5,0.23,0.25,17.3,0.046,15.0,110.0,0.99828,3.15,0.42,9.2,6
R,7.1,0.34,0.28,2.0,0.08199999999999999,31.0,68.0,0.9969399999999999,3.45,0.48,9.4,5
W,6.5,0.29,0.3,9.15,0.051,25.0,166.0,0.99339,3.24,0.56,11.333333333333302,6
W,8.0,0.25,0.27,9.7,0.036000000000000004,15.0,85.0,0.99406,2.99,0.36,11.2,6
R,7.0,0.22,0.3,1.8,0.065,16.0,20.0,0.99672,3.61,0.82,10.0,6
W,5.4,0.205,0.16,12.55,0.051,31.0,115.0,0.99564,3.4,0.38,10.8,6
W,7.1,0.34,0.86,1.4,0.174,36.0,99.0,0.9928799999999999,2.92,0.5,9.3,6
W,6.2,0.33,0.19,5.6,0.042,22.0,143.0,0.99425,3.15,0.63,9.9,5
R,8.9,0.43,0.45,1.9,0.052000000000000005,6.0,16.0,0.9948,3.35,0.7,12.5,7
W,6.4,0.18,0.74,11.9,0.046,54.0,168.0,0.9978,3.58,0.68,10.1,6
R,8.5,0.66,0.2,2.1,0.09699999999999999,23.0,113.0,0.9973299999999999,3.13,0.48,9.2,5
W,6.4,0.5,0.2,2.4,0.059000000000000004,19.0,112.0,0.9931399999999999,3.18,0.4,9.2,6
W,7.7,0.35,0.49,8.65,0.033,42.0,186.0,0.9931,3.14,0.38,12.4,6
W,6.6,0.38,0.29,2.4,0.136,15.0,93.0,0.99336,3.18,0.6,9.5,5
W,8.1,0.2,0.4,2.0,0.037000000000000005,19.0,87.0,0.9921,3.12,0.54,11.2,6
W,7.8,0.23,0.28,4.75,0.042,45.0,166.0,0.9928,2.96,0.4,11.5,6
W,8.8,0.39,0.35,1.8,0.096,22.0,80.0,0.99016,2.95,0.54,12.6,6
